period_start,period_label,period_type,review_count,median_review_word_count,mean_afinn_raw,median_afinn_raw,trimmed_mean_afinn_raw,mean_afinn_per_median_review,median_afinn_per_median_review,trimmed_mean_afinn_per_median_review,mean_syuzhet_raw,median_syuzhet_raw,trimmed_mean_syuzhet_raw,mean_syuzhet_per_median_review,median_syuzhet_per_median_review,trimmed_mean_syuzhet_per_median_review,mean_rating,median_rating,trimmed_mean_rating,low_rating_share,negative_text_share,baseline_review_count,historical_median_afinn_per_median_review,historical_mad_afinn_per_median_review,robust_z_afinn_median,historical_median_rating,historical_mad_rating,robust_z_rating_median,sentiment_drift_flag,rating_drift_flag,any_drift_flag
2006-10-01,Oct 2006,month,1,112,26,26,26,19.157894736842106,19.157894736842106,19.157894736842106,9.350000000000001,9.350000000000001,9.350000000000001,6.889473684210527,6.889473684210527,6.889473684210527,5,5,5,0,0,0,NA,NA,NA,NA,NA,NA,FALSE,FALSE,FALSE
2006-11-01,Nov 2006,month,2,112,32,32,32,10.499309255970001,10.499309255970001,10.499309255970001,17,17,17,4.956516018682981,4.956516018682981,4.956516018682981,5,5,5,0,0,1,NA,NA,NA,NA,NA,NA,FALSE,FALSE,FALSE
2007-06-01,Jun 2007,month,1,112,24,24,24,10.795180722891567,10.795180722891567,10.795180722891567,13.450000000000001,13.450000000000001,13.450000000000001,6.049799196787149,6.049799196787149,6.049799196787149,5,5,5,0,0,3,NA,NA,NA,NA,NA,NA,FALSE,FALSE,FALSE
2007-08-01,Aug 2007,month,2,112,30.5,30.5,30.5,6.646521168395617,6.646521168395617,6.646521168395617,14.925,14.925,14.925,3.340513430219465,3.340513430219465,3.340513430219465,3,3,3,0.5,0,4,NA,NA,NA,NA,NA,NA,FALSE,FALSE,FALSE
2007-10-01,Oct 2007,month,1,112,-1,-1,-1,-0.4571428571428572,-0.4571428571428572,-0.4571428571428572,4.1,4.1,4.1,1.8742857142857141,1.8742857142857141,1.8742857142857141,4,4,4,0,1,6,NA,NA,NA,NA,NA,NA,FALSE,FALSE,FALSE
2008-02-01,Feb 2008,month,2,112,29,29,29,25.386773547094187,25.386773547094187,25.386773547094187,9.850000000000001,9.850000000000001,9.850000000000001,7.685370741482966,7.685370741482966,7.685370741482966,5,5,5,0,0,7,NA,NA,NA,NA,NA,NA,FALSE,FALSE,FALSE
2008-05-01,May 2008,month,1,112,28,28,28,10.813793103448276,10.813793103448276,10.813793103448276,12.1,12.1,12.1,4.673103448275862,4.673103448275862,4.673103448275862,4,4,4,0,0,9,NA,NA,NA,NA,NA,NA,FALSE,FALSE,FALSE
2008-06-01,Jun 2008,month,1,112,35,35,35,12.061538461538461,12.061538461538461,12.061538461538461,9.05,9.05,9.05,3.1187692307692307,3.1187692307692307,3.1187692307692307,4,4,4,0,0,10,NA,NA,NA,NA,NA,NA,FALSE,FALSE,FALSE
2008-07-01,Jul 2008,month,1,112,15,15,15,11.052631578947368,11.052631578947368,11.052631578947368,5.1499999999999995,5.1499999999999995,5.1499999999999995,3.7947368421052623,3.7947368421052623,3.7947368421052623,5,5,5,0,0,11,NA,NA,NA,NA,NA,NA,FALSE,FALSE,FALSE
2008-09-01,Sep 2008,month,1,112,62,62,62,22.618892508143322,22.618892508143322,22.618892508143322,26.3,26.3,26.3,9.594788273615636,9.594788273615636,9.594788273615636,5,5,5,0,0,12,NA,NA,NA,NA,NA,NA,FALSE,FALSE,FALSE
2008-10-01,Oct 2008,month,1,112,62,62,62,10.81619937694704,10.81619937694704,10.81619937694704,32.8,32.8,32.8,5.722118380062305,5.722118380062305,5.722118380062305,4,4,4,0,0,13,NA,NA,NA,NA,NA,NA,FALSE,FALSE,FALSE
2008-12-01,Dec 2008,month,3,112,32.666666666666664,26,32.666666666666664,14.667983791368753,14.487562189054726,14.667983791368753,10.483333333333334,7.9,10.483333333333334,4.683947930322961,4.401990049751244,4.683947930322961,4,5,4,0.3333333333333333,0,14,NA,NA,NA,NA,NA,NA,FALSE,FALSE,FALSE
2009-02-01,Feb 2009,month,2,112,35,35,35,14.889085025007354,14.889085025007354,14.889085025007354,16.65,16.65,16.65,7.365931156222419,7.365931156222419,7.365931156222419,4.5,4.5,4.5,0,0,17,NA,NA,NA,NA,NA,NA,FALSE,FALSE,FALSE
2009-03-01,Mar 2009,month,1,112,8,8,8,0.9401888772298006,0.9401888772298006,0.9401888772298006,11.3,11.3,11.3,1.3280167890870935,1.3280167890870935,1.3280167890870935,2,2,2,1,0,19,NA,NA,NA,NA,NA,NA,FALSE,FALSE,FALSE
2009-04-01,Apr 2009,month,1,112,37,37,37,16.31496062992126,16.31496062992126,16.31496062992126,15.1,15.1,15.1,6.658267716535432,6.658267716535432,6.658267716535432,5,5,5,0,0,20,11.172092356231177,4.39842061451181,1.1692534035335544,5,NA,NA,FALSE,FALSE,FALSE
2009-05-01,May 2009,month,2,112,28.5,28.5,28.5,14.665899738949605,14.665899738949605,14.665899738949605,11.075,11.075,11.075,5.6376620503517545,5.6376620503517545,5.6376620503517545,5,5,5,0,0,21,11.291553133514986,4.738403025743218,0.712127395475262,5,NA,NA,FALSE,FALSE,FALSE
2009-06-01,Jun 2009,month,3,112,23,11,23,9.42132984140841,8.8,9.42132984140841,8.733333333333334,4.4,8.733333333333334,3.719179397642951,3.5200000000000005,3.719179397642951,4.666666666666667,5,4.666666666666667,0,0,23,11.54639175257732,4.436261939902217,-0.6190779060800575,5,NA,NA,FALSE,FALSE,FALSE
2009-07-01,Jul 2009,month,1,112,31,31,31,9.72549019607843,9.72549019607843,9.72549019607843,14.5,14.5,14.5,4.549019607843137,4.549019607843137,4.549019607843137,5,5,5,0,0,26,11.418972443046153,4.39842061451181,-0.38502053245666806,5,NA,NA,FALSE,FALSE,FALSE
2009-08-01,Aug 2009,month,4,112,20.25,18,20.25,14.01437509879583,8.040742202921438,14.01437509879583,8.487499999999999,5.85,8.4875,4.867269658101336,3.5198761609907114,4.867269658101336,4.25,4,4.25,0,0,27,11.291553133514986,4.058438203280402,-0.8010004754947223,5,NA,NA,FALSE,FALSE,FALSE
2009-09-01,Sep 2009,month,2,112,23.5,23.5,23.5,3.8233733531183955,3.8233733531183955,3.8233733531183955,14.9,14.9,14.9,2.542479428031836,2.542479428031836,2.542479428031836,3.5,3.5,3.5,0.5,0,31,11.052631578947368,5.092628122545169,-1.419553529507662,5,NA,NA,FALSE,FALSE,FALSE
2009-11-01,Nov 2009,month,3,112,34.333333333333336,30,34.333333333333336,14.033211586271625,15.924170616113743,14.033211586271625,16.933333333333334,16.3,16.933333333333334,6.943965143266061,6.820853080568721,6.943965143266061,5,5,5,0,0,33,10.81619937694704,5.111676143630103,0.9992752075132897,5,NA,NA,FALSE,FALSE,FALSE
2009-12-01,Dec 2009,month,2,112,20.5,20.5,20.5,19.313229018492176,19.313229018492176,19.313229018492176,6.975,6.975,6.975,6.682162162162161,6.682162162162161,6.682162162162161,5,5,5,0,0,36,10.934415477947205,5.277419324430479,1.587672501549644,5,NA,NA,FALSE,FALSE,FALSE
2010-01-01,Jan 2010,month,1,112,26,26,26,11.200000000000001,11.200000000000001,11.200000000000001,10.55,10.55,10.55,4.544615384615385,4.544615384615385,4.544615384615385,5,5,5,0,0,38,11.172092356231177,5.809533601032554,0.0048037666507107874,5,NA,NA,FALSE,FALSE,FALSE
2010-02-01,Feb 2010,month,1,112,15,15,15,7.813953488372093,7.813953488372093,7.813953488372093,7.55,7.55,7.55,3.9330232558139535,3.9330232558139535,3.9330232558139535,5,5,5,0,0,39,11.200000000000001,5.680698947368422,-0.5960616013979214,5,NA,NA,FALSE,FALSE,FALSE
2010-03-01,Mar 2010,month,1,112,15,15,15,28.47457627118644,28.47457627118644,28.47457627118644,2.1,2.1,2.1,3.986440677966102,3.986440677966102,3.986440677966102,4,4,4,0,0,40,11.126315789473685,5.461477343694808,3.176477606693921,5,NA,NA,FALSE,FALSE,FALSE
2010-05-01,May 2010,month,3,112,16.666666666666668,13,16.666666666666668,6.360377159222924,5.9893048128342246,6.360377159222924,9.716666666666667,10.05,9.716666666666667,3.6061438085147377,3.922994652406417,3.6061438085147377,3.3333333333333335,4,3.3333333333333335,0.3333333333333333,0,41,11.200000000000001,5.680698947368422,-0.9172630402425437,5,NA,NA,FALSE,FALSE,FALSE
2010-06-01,Jun 2010,month,2,112,28.5,28.5,28.5,10.02633790977865,10.02633790977865,10.02633790977865,8.65,8.65,8.65,2.9946950593069954,2.9946950593069954,2.9946950593069954,3.5,3.5,3.5,0.5,0,44,10.934415477947205,5.457153861288736,-0.1664013130745973,5,NA,NA,FALSE,FALSE,FALSE
2010-09-01,Sep 2010,month,2,112,23,23,23,5.598226961219883,5.598226961219883,5.598226961219883,7.925000000000001,7.925000000000001,7.925000000000001,2.180809102143784,2.180809102143784,2.180809102143784,4,4,4,0.5,0,46,10.934415477947205,5.711392771084339,-0.9343059969090899,5,NA,NA,FALSE,FALSE,FALSE
2010-11-01,Nov 2010,month,2,112,16.5,16.5,16.5,26.718586912886387,26.718586912886387,26.718586912886387,4.425,4.425,4.425,6.499237254114814,6.499237254114814,6.499237254114814,5,5,5,0,0,48,10.814996240197658,5.711392771084339,2.7845380820603847,5,NA,NA,FALSE,FALSE,FALSE
2011-01-01,Jan 2011,month,1,112,15,15,15,19.09090909090909,19.09090909090909,19.09090909090909,5.05,5.05,5.05,6.427272727272727,6.427272727272727,6.427272727272727,5,5,5,0,0,50,10.934415477947205,6.563521113330327,1.2427009027816298,5,NA,NA,FALSE,FALSE,FALSE
2011-03-01,Mar 2011,month,3,112,42.333333333333336,47,42.333333333333336,19.997910443199963,23.863636363636363,19.997910443199963,13.983333333333334,17.8,13.983333333333334,6.488608095409088,8.002272727272729,6.488608095409088,4.666666666666667,5,4.666666666666667,0,0,51,11.052631578947368,7.222543776502867,1.773752459122102,5,NA,NA,FALSE,FALSE,FALSE
2011-05-01,May 2011,month,4,112,25.25,21.5,25.25,16.052561808813635,17.19119846186712,16.052561808813635,9.3875,7.9,9.3875,5.654549620101963,5.630207220679342,5.654549620101963,4,4.5,4,0.25,0,54,11.126315789473685,7.538946252693753,0.8044735257565184,5,NA,NA,FALSE,FALSE,FALSE
2011-07-01,Jul 2011,month,3,112,12.666666666666666,14,12.666666666666666,13.727356166610397,11.01639344262295,13.727356166610397,5.016666666666667,6.55,5.016666666666667,4.736292906178489,3.8610526315789473,4.736292906178489,5,5,5,0,0,58,11.245776566757494,7.517737010198551,-0.030512257055994668,5,NA,NA,FALSE,FALSE,FALSE
2011-08-01,Aug 2011,month,2,112,22.5,22.5,22.5,19.49090909090909,19.49090909090909,19.49090909090909,9.6,9.6,9.6,7.564040404040404,7.564040404040404,7.564040404040404,4.5,4.5,4.5,0,0,61,11.200000000000001,7.583440629921257,1.093291224328498,5,NA,NA,FALSE,FALSE,FALSE
2011-09-01,Sep 2011,month,2,112,18,18,18,14.994592578780534,14.994592578780534,14.994592578780534,5.449999999999999,5.449999999999999,5.449999999999999,4.307986823295419,4.307986823295419,4.307986823295419,5,5,5,0,0,63,11.200000000000001,7.583440629921257,0.5003787547051626,5,NA,NA,FALSE,FALSE,FALSE
2011-10-01,Oct 2011,month,2,112,21.5,21.5,21.5,10.780269058295964,10.780269058295964,10.780269058295964,8.8,8.8,8.8,4.413340807174888,4.413340807174888,4.413340807174888,5,5,5,0,0,65,11.291553133514986,7.216779145146208,-0.07084657364953402,5,NA,NA,FALSE,FALSE,FALSE
2011-11-01,Nov 2011,month,2,112,50.5,50.5,50.5,31.072489082969433,31.072489082969433,31.072489082969433,17.625,17.625,17.625,10.75764192139738,10.75764192139738,10.75764192139738,5,5,5,0,0,67,11.291553133514986,6.868318679700917,2.8800259382134277,5,NA,NA,FALSE,FALSE,FALSE
2011-12-01,Dec 2011,month,4,112,6,4,6,1.7542795079058053,1.832162018313695,1.7542795079058053,4.775,5.125,4.775,1.290901717102129,1.2714614825779034,1.290901717102129,2,2,2,1,0.5,69,11.54639175257732,6.838955408524392,-1.4204259501612417,5,NA,NA,FALSE,FALSE,FALSE
2012-01-01,Jan 2012,month,7,112,38.142857142857146,36,38.142857142857146,14.251704530680062,11.648,14.251704530680062,14.685714285714287,11.1,14.685714285714287,5.281443316490918,4.704000000000001,5.281443316490918,4.571428571428571,5,4.571428571428571,0.14285714285714285,0.14285714285714285,73,11.200000000000001,7.583440629921257,0.05907608720932921,5,NA,NA,FALSE,FALSE,FALSE
2012-02-01,Feb 2012,month,3,112,8,8,8,8.544834185161847,3.1999999999999997,8.544834185161847,4,4.75,4,1.2068177398150093,1.8525519848771266,1.2068177398150093,2.6666666666666665,2,2.6666666666666665,0.6666666666666666,0,80,11.245776566757494,7.400109887533732,-1.087250958301505,5,NA,NA,FALSE,FALSE,FALSE
2012-03-01,Mar 2012,month,2,112,13.5,13.5,13.5,8.340529036181211,8.340529036181211,8.340529036181211,7.35,7.35,7.35,4.120644572818486,4.120644572818486,4.120644572818486,4.5,4.5,4.5,0,0,83,11.200000000000001,7.58777006622516,-0.3768526113550708,5,NA,NA,FALSE,FALSE,FALSE
2012-04-01,Apr 2012,month,1,112,23,23,23,21.46666666666667,21.46666666666667,21.46666666666667,7.5,7.5,7.5,7,7,7,5,5,5,0,0,85,11.052631578947368,7.571004241948158,1.3755156852269281,5,NA,NA,FALSE,FALSE,FALSE
2012-05-01,May 2012,month,7,112,13.857142857142858,9,13.857142857142858,9.206757305158582,4.9366391184573,9.206757305158582,6.257142857142857,4.45,6.257142857142857,3.724903480372036,3.8567493112947657,3.724903480372036,3.857142857142857,5,3.857142857142857,0.42857142857142855,0.14285714285714285,86,11.126315789473685,7.654408657206619,-0.8086420451550896,5,NA,NA,FALSE,FALSE,FALSE
2012-06-01,Jun 2012,month,3,112,22,13,22,19.449683414722244,21.731343283582092,19.449683414722244,8.799999999999999,4.7,8.799999999999999,7.079382290655266,7.856716417910448,7.079382290655266,5,5,5,0,0,93,11.052631578947368,7.978975882744836,1.3383561827437378,5,NA,NA,FALSE,FALSE,FALSE
2012-07-01,Jul 2012,month,3,112,42.333333333333336,40,42.333333333333336,14.869716518821422,12.103746397694524,14.869716518821422,14.433333333333334,18.1,14.433333333333334,4.918188252285287,5.688888888888889,4.918188252285287,5,5,5,0,0,96,11.126315789473685,8.192355485232067,0.11931008242779532,5,NA,NA,FALSE,FALSE,FALSE
2012-08-01,Aug 2012,month,3,112,18,14,18,13.8303271285748,13.876106194690266,13.8303271285748,7.466666666666667,5.95,7.466666666666667,5.707673373335918,5.8973451327433635,5.707673373335918,4.666666666666667,5,4.666666666666667,0,0,99,11.200000000000001,8.187246666666663,0.3268627786171011,5,NA,NA,FALSE,FALSE,FALSE
2012-09-01,Sep 2012,month,2,112,15,15,15,11.076923076923077,11.076923076923077,11.076923076923077,5.875,5.875,5.875,4.086538461538462,4.086538461538462,4.086538461538462,4.5,4.5,4.5,0,0,102,11.245776566757494,7.956311675579323,-0.021222583619076515,5,NA,NA,FALSE,FALSE,FALSE
2012-10-01,Oct 2012,month,3,112,33,38,33,28.248910885556747,14.046204620462046,28.248910885556747,13.033333333333333,12.7,13.033333333333333,9.426054710072465,7.669966996699669,9.426054710072465,5,5,5,0,0,104,11.245776566757494,7.656573375358571,0.36575474646625494,5,NA,NA,FALSE,FALSE,FALSE
2012-11-01,Nov 2012,month,9,112,11,8,11,12.478278200054786,12.923076923076923,12.478278200054786,4.338888888888889,4.3,4.338888888888889,5.1934496223033335,6.246153846153845,5.1934496223033335,4,4,4,0.2222222222222222,0.1111111111111111,107,11.291553133514986,7.452033390475844,0.21893672559856278,5,NA,NA,FALSE,FALSE,FALSE
2012-12-01,Dec 2012,month,5,112,24.6,20,24.6,10.984412549814548,7.9432624113475185,10.984412549814548,10.22,7.85,10.22,4.311841752459842,4.60709219858156,4.311841752459842,4.2,5,4.2,0.4,0,116,11.591377694470477,7.3072517966239845,-0.4992458703569542,5,NA,NA,FALSE,FALSE,FALSE
2013-01-01,Jan 2013,month,3,112,23.666666666666668,27,23.666666666666668,17.9341245681299,19.47826086956522,17.9341245681299,10.116666666666667,10.5,10.116666666666667,8.010372495768038,9.556521739130433,8.010372495768038,4.333333333333333,5,4.333333333333333,0.3333333333333333,0,121,11.54639175257732,7.673686254295531,1.0336452200593742,5,NA,NA,FALSE,FALSE,FALSE
2013-02-01,Feb 2013,month,1,112,59,59,59,11.71631205673759,11.71631205673759,11.71631205673759,29.45,29.45,29.45,5.84822695035461,5.84822695035461,5.84822695035461,5,5,5,0,0,124,11.591377694470477,7.762196356589147,0.01609523342720622,5,NA,NA,FALSE,FALSE,FALSE
2013-03-01,Mar 2013,month,1,112,11,11,11,11.302752293577981,11.302752293577981,11.302752293577981,5.7,5.7,5.7,5.856880733944955,5.856880733944955,5.856880733944955,5,5,5,0,0,125,11.636363636363637,7.540293939393937,-0.04424381137752699,5,NA,NA,FALSE,FALSE,FALSE
2013-04-01,Apr 2013,month,2,112,29,29,29,7.322509872751207,7.322509872751207,7.322509872751207,19.425,19.425,19.425,7.0828433523475205,7.0828433523475205,7.0828433523475205,5,5,5,0,0,126,11.591377694470477,7.3072517966239845,-0.58419607542353,5,NA,NA,FALSE,FALSE,FALSE
2013-05-01,May 2013,month,6,112,9.166666666666666,6,9.166666666666666,10.081699203748865,13.133953488372093,10.081699203748864,4.783333333333334,2.95,4.783333333333333,5.153203334910315,6.722279069767442,5.153203334910315,3.8333333333333335,5,3.8333333333333335,0.3333333333333333,0,128,11.424572023077651,7.462458056368396,0.22906413039543594,5,NA,NA,FALSE,FALSE,FALSE
2013-06-01,Jun 2013,month,6,112,20.333333333333332,18.5,20.333333333333332,13.688500991172047,13.611414314673318,13.688500991172047,9.575,9.25,9.575,6.431249345007452,6.09135419154526,6.431249345007452,4.333333333333333,5,4.333333333333333,0.16666666666666666,0.16666666666666666,134,11.424572023077651,7.624826446074607,0.2868055170910141,5,NA,NA,FALSE,FALSE,FALSE
2013-07-01,Jul 2013,month,2,112,23.5,23.5,23.5,7.128519995817086,7.128519995817086,7.128519995817086,6.074999999999999,6.074999999999999,6.074999999999999,1.627111250541538,1.627111250541538,1.627111250541538,3,3,3,1,0,140,11.591377694470477,7.469620186330196,-0.5974678212984188,5,NA,NA,FALSE,FALSE,FALSE
2013-08-01,Aug 2013,month,2,112,65.5,65.5,65.5,24.32573119777159,24.32573119777159,24.32573119777159,25.075,25.075,25.075,9.344798920612813,9.344798920612813,9.344798920612813,5,5,5,0,0,142,11.492910840659206,7.615607143790785,1.685068585447627,5,NA,NA,FALSE,FALSE,FALSE
2013-09-01,Sep 2013,month,12,112,22,22,22.4,17.057517183251324,15.90241050309618,16.73269034467223,9.3375,8.900000000000002,8.455,6.1147189798867405,6.226273686448561,6.266018039021983,4.333333333333333,4.5,4.4,0.16666666666666666,0,144,11.591377694470477,7.664646763511404,0.5624568152506338,5,NA,NA,FALSE,FALSE,FALSE
2013-10-01,Oct 2013,month,7,112,36.857142857142854,25,36.857142857142854,14.051247391382276,14.973262032085563,14.051247391382276,12.135714285714284,6.8,12.135714285714286,4.9628982007793505,5.634146341463415,4.9628982007793505,4.428571428571429,5,4.428571428571429,0.14285714285714285,0,156,11.642181818181818,8.050479689922483,0.413774128027869,5,NA,NA,FALSE,FALSE,FALSE
2013-11-01,Nov 2013,month,4,112,28.75,22,28.75,6.373887017706696,6.376519285042333,6.373887017706696,14.975000000000001,9.4,14.975000000000001,3.8501640124398238,3.907488240827846,3.8501640124398238,3.25,3.5,3.25,0.5,0,163,11.648,8.04335812682927,-0.6553830666042604,5,NA,NA,FALSE,FALSE,FALSE
2013-12-01,Dec 2013,month,2,112,5,5,5,3.3184894739298887,3.3184894739298887,3.3184894739298887,7.35,7.35,7.35,4.212220510666107,4.212220510666107,4.212220510666107,3.5,3.5,3.5,0.5,0.5,167,11.636363636363637,8.06061019955654,-1.0319161895325693,5,NA,NA,FALSE,FALSE,FALSE
2014-01-01,Jan 2014,month,5,112,22.6,10,22.6,18.770848356122553,18.360655737704917,18.770848356122553,8.27,3.75,8.270000000000001,6.02505619652366,5.315254237288135,6.02505619652366,4.2,5,4.2,0.2,0,169,11.636363636363637,8.06061019955654,0.8342162609117634,5,NA,NA,FALSE,FALSE,FALSE
2014-02-01,Feb 2014,month,3,112,27.666666666666668,19,27.666666666666668,10.535760804603589,13.135802469135802,10.535760804603589,8.983333333333334,6.55,8.983333333333334,3.612421221590424,4.031535269709544,3.612421221590424,4.666666666666667,5,4.666666666666667,0,0,174,11.682156028368794,8.139182254025046,0.17859858587736382,5,NA,NA,FALSE,FALSE,FALSE
2014-03-01,Mar 2014,month,3,112,2.6666666666666665,2,2.6666666666666665,0.7822627728552416,0.656891495601173,0.7822627728552416,3.3833333333333333,3.05,3.3833333333333333,1.2787383208974263,1.5601173020527859,1.2787383208974263,1.6666666666666667,2,1.6666666666666667,1,0,177,11.71631205673759,8.102630301830777,-1.3649173353790507,5,NA,NA,FALSE,FALSE,FALSE
2014-04-01,Apr 2014,month,3,112,21.666666666666668,29,21.666666666666668,8.143582543582545,9.98918918918919,8.143582543582545,9.65,12.950000000000001,9.65,3.938701298701299,3.9200000000000004,3.938701298701299,4.333333333333333,4,4.333333333333333,0,0,180,11.642181818181818,8.333297573015223,-0.19835996668897646,5,NA,NA,FALSE,FALSE,FALSE
2014-05-01,May 2014,month,2,112,-11,-11,-11,-0.676148148148148,-0.676148148148148,-0.676148148148148,-3.875,-3.875,-3.875,-1.0142222222222221,-1.0142222222222221,-1.0142222222222221,2.5,2.5,2.5,0.5,0.5,183,11.54639175257732,8.250252920962204,-1.48147457027293,5,NA,NA,FALSE,FALSE,FALSE
2014-06-01,Jun 2014,month,8,112,25.75,26.5,25.75,10.933717991806343,10.02512077294686,10.933717991806343,8.043750000000001,8.05,8.04375,3.3030786234992613,3.718032786885246,3.3030786234992613,3.25,3.5,3.25,0.5,0,185,11.439429928741092,8.55244311614901,-0.16536902222988023,5,NA,NA,FALSE,FALSE,FALSE
2014-07-01,Jul 2014,month,4,112,23,24,23,16.49422379131117,16.81671079729332,16.49422379131117,7.5125,7.275,7.5125,5.575400608021967,5.477669902912622,5.575400608021967,5,5,5,0,0,193,11.302752293577981,8.555222376370555,0.644513755591537,5,NA,NA,FALSE,FALSE,FALSE
2014-08-01,Aug 2014,month,3,112,16.666666666666668,19,16.666666666666668,12.156865511307442,10.745387453874539,12.156865511307442,5.366666666666666,5.6,5.366666666666666,4.632475263820738,4.997849462365591,4.632475263820738,4.666666666666667,5,4.666666666666667,0,0,197,11.439429928741092,8.408834520981795,-0.08253729730734648,5,NA,NA,FALSE,FALSE,FALSE
2014-09-01,Sep 2014,month,4,112,10.5,10.5,10.5,12.408764180545958,11.560683511026728,12.408764180545958,3.7249999999999996,3.275,3.7249999999999996,4.560815659995556,3.9505580818520056,4.560815659995556,5,5,5,0,0,200,11.371091111159537,8.452513615313368,0.02243029807413829,5,NA,NA,FALSE,FALSE,FALSE
2014-10-01,Oct 2014,month,3,112,27.333333333333332,21,27.333333333333332,30.259420711033613,21.18918918918919,30.259420711033613,8.066666666666666,5.55,8.066666666666666,8.929594110239272,5.713513513513513,8.929594110239272,4.666666666666667,5,4.666666666666667,0,0,204,11.371091111159537,8.598856216030773,1.1417911674957255,5,NA,NA,FALSE,FALSE,FALSE
2014-11-01,Nov 2014,month,1,112,27,27,27,9.72347266881029,9.72347266881029,9.72347266881029,10.3,10.3,10.3,3.7093247588424445,3.7093247588424445,3.7093247588424445,5,5,5,0,0,207,11.439429928741092,8.586239649186922,-0.1998496815882952,5,NA,NA,FALSE,FALSE,FALSE
2014-12-01,Dec 2014,month,2,112,16.5,16.5,16.5,6.830148717712602,6.830148717712602,6.830148717712602,10.025,10.025,10.025,4.85832681062664,4.85832681062664,4.85832681062664,4.5,4.5,4.5,0,0,208,11.371091111159537,8.598856216030773,-0.5280867919365014,5,NA,NA,FALSE,FALSE,FALSE
2015-01-01,Jan 2015,month,2,112,23,23,23,16.223123732251523,16.223123732251523,16.223123732251523,8.775,8.775,8.775,6.309127789046654,6.309127789046654,6.309127789046654,5,5,5,0,0,210,11.297152713546485,8.707192415169663,0.5657358633907086,5,NA,NA,FALSE,FALSE,FALSE
2015-02-01,Feb 2015,month,2,112,31.5,31.5,31.5,17.69532428355958,17.69532428355958,17.69532428355958,15,15,15,7.831975867269985,7.831975867269985,7.831975867269985,4.5,4.5,4.5,0,0,212,11.297152713546485,8.707192415169663,0.7348145377913328,5,NA,NA,FALSE,FALSE,FALSE
2015-03-01,Mar 2015,month,6,112,25.333333333333332,27.5,25.333333333333332,15.934615517425367,14.118620689655172,15.934615517425367,8.783333333333333,9.125,8.783333333333333,5.1314069027772025,5.065651907773924,5.1314069027772025,4.333333333333333,4.5,4.333333333333333,0.16666666666666666,0,214,11.371091111159537,8.598856216030773,0.31952267946676904,5,NA,NA,FALSE,FALSE,FALSE
2015-04-01,Apr 2015,month,5,112,19,18,19,24.60565045727248,23.245283018867926,24.60565045727248,8.290000000000001,7.2,8.290000000000001,8.85696791310925,8.452830188679245,8.85696791310925,5,5,5,0,0,220,11.492910840659206,8.418246285074561,1.396059438062001,5,NA,NA,FALSE,FALSE,FALSE
2015-05-01,May 2015,month,3,112,17,21,17,16.337881741390515,13.75438596491228,16.337881741390515,6.883333333333334,8.4,6.883333333333334,6.830253411306043,5.992982456140351,6.830253411306043,4,5,4,0.3333333333333333,0,225,11.636363636363637,8.372329411764706,0.2529788574219765,5,NA,NA,FALSE,FALSE,FALSE
2015-06-01,Jun 2015,month,4,112,27.25,23.5,27.25,16.456350320606848,16.97578475336323,16.456350320606848,9.45,9.675,9.45,6.184779228308398,6.864461883408072,6.184779228308398,4.75,5,4.75,0,0,228,11.642181818181818,8.35708517039848,0.6382133036137401,5,NA,NA,FALSE,FALSE,FALSE
2015-07-01,Jul 2015,month,3,112,7.666666666666666,6,7.666666666666666,6.42165820642978,9.6,6.42165820642978,1.8333333333333333,2.1,1.8333333333333333,2.321082910321489,2.4,2.321082910321489,4.666666666666667,5,4.666666666666667,0,0,232,11.642181818181818,8.35708517039848,-0.244365323141064,5,NA,NA,FALSE,FALSE,FALSE
2015-08-01,Aug 2015,month,8,112,17.125,19.5,17.125,21.991333022490277,18.339366515837106,21.99133302249028,7.5125,7.25,7.512499999999999,8.437561641799736,7.469373235896841,8.437561641799736,4.625,5,4.625,0.125,0,235,11.551569506726459,8.246613635164627,0.8231011308892421,5,NA,NA,FALSE,FALSE,FALSE
2015-09-01,Sep 2015,month,9,112,8.88888888888889,10,8.88888888888889,10.425323548725348,10.795180722891567,10.425323548725348,4.566666666666666,4.85,4.566666666666666,4.917065285208617,6.826666666666666,4.917065285208617,3.7777777777777777,4,3.7777777777777777,0.3333333333333333,0.2222222222222222,243,11.71631205673759,8.443120384351408,-0.10909844843066066,5,NA,NA,FALSE,FALSE,FALSE
2015-10-01,Oct 2015,month,3,112,8,13,8,13.706468288992562,15.223300970873787,13.706468288992562,3.066666666666667,5.3,3.066666666666667,5.500256377926281,5.763106796116505,5.500256377926281,4.666666666666667,5,4.666666666666667,0,0.3333333333333333,252,11.682156028368794,8.521717044821996,0.415543595718973,5,NA,NA,FALSE,FALSE,FALSE
2015-11-01,Nov 2015,month,7,112,12.285714285714286,7,12.285714285714286,13.638321203247303,11.914893617021276,13.638321203247303,4.8428571428571425,4.1,4.8428571428571425,6.446997144295157,6.9263157894736835,6.446997144295157,4.714285714285714,5,4.714285714285714,0.14285714285714285,0,255,11.71631205673759,8.50750483558994,0.02334192740660565,5,NA,NA,FALSE,FALSE,FALSE
2015-12-01,Dec 2015,month,6,112,21,16,21,20.927295959780437,14.6125,20.927295959780437,8.666666666666666,6.35,8.666666666666666,7.568309699012774,5.740106402002862,7.568309699012774,4.666666666666667,5,4.666666666666667,0.16666666666666666,0,262,11.789620202823624,8.723974366312978,0.32357726864452185,5,NA,NA,FALSE,FALSE,FALSE
2016-01-01,Jan 2016,month,3,112,39.333333333333336,28,39.333333333333336,30.876918274767736,17.696465696465697,30.876918274767736,14.15,9.450000000000001,14.15,10.308979947689625,6.810810810810811,10.308979947689625,3.6666666666666665,5,3.6666666666666665,0.3333333333333333,0,268,11.888910982965466,8.720580811297244,0.6659596234664464,5,NA,NA,FALSE,FALSE,FALSE
2016-02-01,Feb 2016,month,3,112,13.666666666666668,8,13.666666666666668,12.577922234260262,11.487179487179487,12.577922234260262,4.3999999999999995,4.6499999999999995,4.3999999999999995,4.480808956301914,6.507042253521127,4.480808956301914,3.6666666666666665,5,3.6666666666666665,0.3333333333333333,0,271,12.01716738197425,8.751539639484978,-0.06055938916205976,5,NA,NA,FALSE,FALSE,FALSE
2016-03-01,Mar 2016,month,4,112,12.5,14.5,12.5,16.91163610188975,19.342723004694832,16.91163610188975,4.4625,3.85,4.4625,6.688120346794728,7.038947368421052,6.688120346794728,5,5,5,0,0,274,11.966030499497762,8.81335294758764,0.8369904789999579,5,NA,NA,FALSE,FALSE,FALSE
2016-04-01,Apr 2016,month,2,112,8,8,8,24.954907161803717,24.954907161803717,24.954907161803717,3.5999999999999996,3.5999999999999996,3.5999999999999996,9.981962864721485,9.981962864721485,9.981962864721485,4.5,4.5,4.5,0,0,278,12.039352921756356,8.845705392760403,1.460093193994212,5,NA,NA,FALSE,FALSE,FALSE
2016-05-01,May 2016,month,6,112,19.333333333333336,12.5,19.333333333333336,17.59947928156756,14.48328632955117,17.59947928156756,8.425,6.325,8.424999999999999,8.867025816636888,7.629274611398963,8.867025816636888,4.5,5,4.5,0.16666666666666666,0,280,12.082642429616492,8.786947468546476,0.27320567336130774,5,NA,NA,FALSE,FALSE,FALSE
2016-06-01,Jun 2016,month,10,112,14.8,13.5,13.125,16.627577360181977,13.793352112676057,15.817805033560804,6.055000000000001,4.725,5.15625,5.852537150145096,6.2212484785254745,6.0206714376813695,4.4,5,4.5,0.2,0,286,12.082642429616492,8.986241795181668,0.19036987008037454,5,NA,NA,FALSE,FALSE,FALSE
2016-07-01,Jul 2016,month,8,112,11.25,11,11.25,12.46461841798575,11.097058823529412,12.46461841798575,4.275,4.449999999999999,4.275,5.148592815224749,4.542440737489025,5.148592815224749,4.25,5,4.25,0.25,0.125,296,12.105927252901317,9.036705809667621,-0.11164117219491645,5,NA,NA,FALSE,FALSE,FALSE
2016-08-01,Aug 2016,month,12,112,17.5,21.5,18,23.910449207730842,23.407692307692308,23.960178026237482,7.1375,7.325,6.745,8.48707554356666,9.442558340535868,8.69139405536602,4.583333333333333,5,4.8,0.16666666666666666,0.08333333333333333,304,12.105927252901317,9.060576087397482,1.2473561223674088,5,NA,NA,FALSE,FALSE,FALSE
2016-09-01,Sep 2016,month,7,112,23.571428571428573,22,23.571428571428573,21.444468136253914,14.281879194630873,21.444468136253914,9.764285714285714,7.85,9.764285714285714,8.245320139313057,6.68546255506608,8.245320139313057,4.714285714285714,5,4.714285714285714,0,0,316,12.230250550074526,9.306088607146654,0.2204608972861906,5,NA,NA,FALSE,FALSE,FALSE
2016-10-01,Oct 2016,month,6,112,20.5,17,20.5,20.26944217225918,20.794117647058822,20.26944217225918,8.758333333333333,6.225,8.758333333333333,8.741525438243311,7.598709677419354,8.741525438243311,5,5,5,0,0,323,12.323624595469255,9.343521954274975,0.906563188168465,5,NA,NA,FALSE,FALSE,FALSE
2016-11-01,Nov 2016,month,11,112,25.363636363636363,19,22.333333333333336,26.06533010917564,23.130434782608695,25.82425390890787,9.813636363636364,5.7,7.233333333333333,8.28821383485615,8.200749063670411,8.273344337990373,4.636363636363637,5,4.777777777777778,0.18181818181818182,0,329,12.368098159509202,9.4094584603206,1.1437785360851465,5,NA,NA,FALSE,FALSE,FALSE
2016-12-01,Dec 2016,month,17,112,11.64705882352941,11,13.133333333333333,21.677359731760156,23.44186046511628,21.7596971546843,4.676470588235294,5.35,5.126666666666667,8.266140909578764,9.503030303030302,8.36444117900408,4.352941176470588,5,4.533333333333333,0.17647058823529413,0.17647058823529413,340,12.940877304513668,9.925344092636756,1.0579968878250683,5,NA,NA,FALSE,FALSE,FALSE
2017-01-01,Jan 2017,month,7,112,19.571428571428573,15,19.571428571428573,24.667257320217455,14.736842105263158,24.667257320217455,8.485714285714286,8.1,8.485714285714286,8.945661709545675,8.25263157894737,8.945661709545675,4.142857142857143,5,4.142857142857143,0.14285714285714285,0,357,13.250704225352113,10.391866839925,0.14300971161421952,5,NA,NA,FALSE,FALSE,FALSE
2017-02-01,Feb 2017,month,6,112,7.666666666666666,10,7.666666666666666,24.463006526290222,17.407557903291345,24.463006526290222,3.625,4.824999999999999,3.6249999999999996,9.844062698355788,10.05258025193011,9.844062698355788,4.166666666666667,5,4.166666666666667,0.3333333333333333,0.16666666666666666,364,13.288135593220339,10.468750014072613,0.39349705595543627,5,NA,NA,FALSE,FALSE,FALSE
2017-03-01,Mar 2017,month,8,112,26.875,17.5,26.875,18.440239252046354,18.94924623115578,18.440239252046354,8.831249999999999,4.324999999999999,8.831249999999999,5.782589332435778,5.640055376095985,5.782589332435778,4.5,5,4.5,0.125,0,370,13.288135593220339,10.571296386500322,0.5355171618463701,5,NA,NA,FALSE,FALSE,FALSE
2017-04-01,Apr 2017,month,4,112,8.25,8.5,8.25,15.46374269005848,14.600000000000001,15.46374269005848,3.375,3.8999999999999995,3.375,6.383391812865496,6.582222222222221,6.383391812865496,4.5,4.5,4.5,0,0,378,13.53569075334944,10.601285473879441,0.1003943577666046,5,NA,NA,FALSE,FALSE,FALSE
2017-05-01,May 2017,month,9,112,18.11111111111111,12,18.11111111111111,17.2647668801964,13.069423929098967,17.2647668801964,7.511111111111111,4.7,7.511111111111111,6.050419191287003,6.004123711340206,6.050419191287003,4.777777777777778,5,4.777777777777778,0,0,382,13.53569075334944,10.601285473879441,-0.04398210249118471,5,NA,NA,FALSE,FALSE,FALSE
2017-06-01,Jun 2017,month,9,112,15,10,15,16.748233290382334,17.684210526315788,16.748233290382334,5.461111111111111,5.1,5.461111111111111,6.510307041009168,6.715625000000001,6.510307041009168,4.555555555555555,5,4.555555555555555,0.1111111111111111,0.1111111111111111,391,13.517241379310345,10.547716878402904,0.39505887340771983,5,NA,NA,FALSE,FALSE,FALSE
2017-07-01,Jul 2017,month,7,112,24.571428571428573,17,24.571428571428573,17.63389903367068,11.858823529411765,17.63389903367068,10.207142857142857,9.1,10.207142857142857,6.5371966014415115,7.127272727272727,6.537196601441512,4.714285714285714,5,4.714285714285714,0.14285714285714285,0,400,13.60953735097889,10.515075989159891,-0.16649559388557486,5,NA,NA,FALSE,FALSE,FALSE
2017-08-01,Aug 2017,month,9,112,41.111111111111114,40,41.111111111111114,20.6813833992395,19.81769436997319,20.6813833992395,15.55,16.1,15.55,8.671238815348635,7.2298507462686565,8.671238815348635,5,5,5,0,0,407,13.560538116591928,10.483525135709227,0.5968561311564933,5,NA,NA,FALSE,FALSE,FALSE
2017-09-01,Sep 2017,month,8,112,22.25,23,22.25,24.7457635143085,16.64180790960452,24.7457635143085,7.31875,7.15,7.3187500000000005,7.489823293063713,6.274092827004219,7.489823293063713,4.875,5,4.875,0,0,416,13.706461275139066,10.499004444444443,0.2795833309717946,5,NA,NA,FALSE,FALSE,FALSE
2017-10-01,Oct 2017,month,14,112,16,15.5,15.416666666666668,24.153434046293548,23.394871794871797,23.56645759176026,6.007142857142857,5.525,5.791666666666667,8.80418221885807,7.89327935222672,8.741228869730303,5,5,5,0,0,424,13.773744706594073,10.46228776119403,0.9196006942156304,5,NA,NA,FALSE,FALSE,FALSE
2017-11-01,Nov 2017,month,8,112,18.625,15.5,18.625,20.827694042294763,21.66156358440498,20.827694042294766,8.16875,5.949999999999999,8.16875,8.205654663480335,8.173397435897435,8.205654663480335,5,5,5,0,0,438,14.217710095882683,10.515710321489,0.7078792835621079,5,NA,NA,FALSE,FALSE,FALSE
2017-12-01,Dec 2017,month,4,112,17,17.5,17,25.0456583673975,27.675362318840577,25.0456583673975,5.6625,6.35,5.6625,7.828814567075436,7.293526570048308,7.828814567075436,5,5,5,0,0,446,14.308939597315437,10.47250732949072,1.2763345301163092,5,NA,NA,FALSE,FALSE,FALSE
2018-01-01,Jan 2018,month,6,112,30,20.5,30,15.281343518464052,13.349816237888405,15.281343518464052,14.791666666666666,10.075,14.791666666666668,8.237394404532823,8.634854175872734,8.237394404532823,5,5,5,0,0,450,14.393806451612903,10.451029473684212,-0.09989352880051439,5,NA,NA,FALSE,FALSE,FALSE
2018-02-01,Feb 2018,month,5,112,14.6,8,14.6,23.483090983272135,22.400000000000002,23.483090983272135,5.24,3.3499999999999996,5.24,8.430772419420645,8.725581395348836,8.430772419420645,4.2,5,4.2,0.2,0,456,14.308939597315437,10.414366153020131,0.7769133794415501,5,NA,NA,FALSE,FALSE,FALSE
2018-03-01,Mar 2018,month,5,112,22,22,22,17.00819592733728,21.05982905982906,17.00819592733728,6.2,4,6.2,5.774059625761454,5.578947368421052,5.774059625761454,5,5,5,0,0,461,14.451612903225806,10.400518709677423,0.6353737098183837,5,NA,NA,FALSE,FALSE,FALSE
2018-04-01,Apr 2018,month,7,112,16.571428571428573,8,16.571428571428573,15.18312995199103,13.658536585365853,15.18312995199103,7.421428571428571,3.3499999999999996,7.421428571428571,5.948679573008677,5.6838951310861425,5.948679573008677,4.142857142857143,5,4.142857142857143,0.2857142857142857,0.14285714285714285,466,14.469587546140266,10.4181960779086,-0.07784946210546145,5,NA,NA,FALSE,FALSE,FALSE
2018-05-01,May 2018,month,2,112,22.5,22.5,22.5,32.92862092862093,32.92862092862093,32.92862092862093,8.6,8.6,8.6,12.63977823977824,12.63977823977824,12.63977823977824,5,5,5,0,0,473,14.451612903225806,10.400518709677423,1.7765467801334494,5,NA,NA,FALSE,FALSE,FALSE
2018-06-01,Jun 2018,month,9,112,47.77777777777778,30,47.77777777777778,12.497126290573986,12.799999999999999,12.497126290573986,25.133333333333336,13.7,25.133333333333333,5.627831633323666,5.7534246575342465,5.627831633323666,4.444444444444445,5,4.444444444444445,0.2222222222222222,0.1111111111111111,475,14.487562189054726,10.435873446139777,-0.16170780507873594,5,NA,NA,FALSE,FALSE,FALSE
2018-07-01,Jul 2018,month,7,112,20.857142857142858,21,20.857142857142858,24.308653857467167,27.540983606557376,24.308653857467167,8.07857142857143,8.450000000000001,8.07857142857143,9.163071102843553,9.6,9.163071102843553,4.714285714285714,5,4.714285714285714,0.14285714285714285,0,484,14.308939597315437,10.414366153020131,1.270556826485757,5,NA,NA,FALSE,FALSE,FALSE
2018-08-01,Aug 2018,month,6,112,33.666666666666664,26.5,33.666666666666664,27.989461465327345,28.84985226967499,27.989461465327345,11.758333333333333,10.275,11.758333333333333,10.642010625041276,10.720384757676655,10.642010625041276,5,5,5,0,0,491,14.451612903225806,10.400518709677423,1.3843770458344526,5,NA,NA,FALSE,FALSE,FALSE
2018-09-01,Sep 2018,month,7,112,19.571428571428573,19,19.571428571428573,21.009597426448494,17.962264150943394,21.009597426448494,7.314285714285714,6.6499999999999995,7.314285714285714,8.231041440764681,7.326027397260275,8.231041440764681,4.571428571428571,5,4.571428571428571,0.14285714285714285,0,497,14.494117647058825,10.4261543241029,0.3326390916607672,5,NA,NA,FALSE,FALSE,FALSE
2018-10-01,Oct 2018,month,10,112,21.4,18,20.5,19.745946453466672,16.18682280099603,18.28406239473558,8.94,5.324999999999999,7.2,7.180309871607327,7.113513513513513,6.983506151390347,4.8,5,4.875,0,0,504,14.728421052631578,10.359297723487826,0.1407819127601469,5,NA,NA,FALSE,FALSE,FALSE
2018-11-01,Nov 2018,month,7,112,16.571428571428573,11,16.571428571428573,21.839827067260916,15.50769230769231,21.839827067260916,6.742857142857143,6.75,6.742857142857143,9.151425541419547,7.605581395348836,9.151425541419547,4.714285714285714,5,4.714285714285714,0,0,514,14.728421052631578,10.430511758513928,0.0747107402879489,5,NA,NA,FALSE,FALSE,FALSE
2018-12-01,Dec 2018,month,5,112,20.4,21,20.4,20.005143589249453,22.58064516129032,20.005143589249453,8.19,9.5,8.19,8.31509062322925,8.580645161290322,8.31509062322925,5,5,5,0,0,521,14.736842105263158,10.438891228070176,0.7514019338505202,5,NA,NA,FALSE,FALSE,FALSE
2019-01-01,Jan 2019,month,2,112,8.5,8.5,8.5,9.008547008547009,9.008547008547009,9.008547008547009,3.425,3.425,3.425,3.1914529914529917,3.1914529914529917,3.1914529914529917,3,3,3,0.5,0.5,526,14.79010779961953,10.5079275,-0.550209429126012,5,NA,NA,FALSE,FALSE,FALSE
2019-02-01,Feb 2019,month,3,112,12.333333333333334,12,12.333333333333334,20.11829134720701,20.363636363636363,20.11829134720701,5.616666666666666,5.55,5.616666666666666,9.120019471826701,9.418181818181818,9.120019471826701,5,5,5,0,0,528,14.79010779961953,10.521968529598267,0.5297039758614097,5,NA,NA,FALSE,FALSE,FALSE
2019-03-01,Mar 2019,month,1,112,16,16,16,30.372881355932204,30.372881355932204,30.372881355932204,5.45,5.45,5.45,10.345762711864406,10.345762711864406,10.345762711864406,5,5,5,0,0,531,14.843373493975905,10.461326189674896,1.484468372402305,5,NA,NA,FALSE,FALSE,FALSE
2019-04-01,Apr 2019,month,8,112,15.625,14.5,15.625,31.472310745466974,28,31.472310745466974,6.35625,5.9,6.35625,10.444849052153515,10.814529914529913,10.444849052153515,4.375,5,4.375,0.125,0,532,14.873741541508501,10.45165540950455,1.255902337399558,5,NA,NA,FALSE,FALSE,FALSE
2019-05-01,May 2019,month,4,112,11.5,13,11.5,20.495631789594054,18.946666666666665,20.495631789594054,3.2624999999999997,4,3.2624999999999997,5.6287024013722124,5.649,5.6287024013722124,4.5,5,4.5,0.25,0,540,14.933333333333334,10.639666279069766,0.37720481339046474,5,NA,NA,FALSE,FALSE,FALSE
2019-06-01,Jun 2019,month,5,112,18.6,16,18.6,19.028460319499764,14.850828729281767,19.028460319499764,7.73,9.75,7.73,7.170986832650458,7.559999999999999,7.170986832650458,4.8,5,4.8,0,0,544,14.933333333333334,10.639666279069766,-0.007754435326027882,5,NA,NA,FALSE,FALSE,FALSE
2019-07-01,Jul 2019,month,2,112,29,29,29,36.43778110944528,36.43778110944528,36.43778110944528,9.225000000000001,9.225000000000001,9.225000000000001,11.783508245877062,11.783508245877062,11.783508245877062,4.5,4.5,4.5,0,0,549,14.933333333333334,10.555192558139534,2.0373335358556774,5,NA,NA,FALSE,FALSE,FALSE
2019-08-01,Aug 2019,month,12,112,19.5,18,19.6,20.222230750906853,18.413700670141473,20.246374715376035,8.020833333333334,6.725,7.635000000000001,7.435174982397887,7.664999999999999,7.410449222087718,4.916666666666667,5,5,0,0,551,14.933333333333334,10.555192558139534,0.32973035002798584,5,NA,NA,FALSE,FALSE,FALSE
2019-09-01,Sep 2019,month,5,112,20.2,16,20.2,19.747110632371502,19.47826086956522,19.747110632371502,8.41,8.9,8.41,8.114390797319059,8.643478260869564,8.114390797319059,5,5,5,0,0,563,14.973262032085563,10.61439084690959,0.4244236812507521,5,NA,NA,FALSE,FALSE,FALSE
2019-10-01,Oct 2019,month,7,112,23.428571428571427,24,23.428571428571427,24.24557478404816,24.888888888888886,24.24557478404816,8.714285714285715,8.850000000000001,8.714285714285715,9.200234258074051,8.11685393258427,9.200234258074051,4.857142857142857,5,4.857142857142857,0,0,568,14.991785655218038,10.43593187890783,0.9483679415035264,5,NA,NA,FALSE,FALSE,FALSE
2019-11-01,Nov 2019,month,6,112,26,17.5,26,18.337564031853553,17.71204001429082,18.337564031853553,10.200000000000001,6.2,10.2,7.305426909708908,6.451898844181803,7.305426909708908,4.666666666666667,5,4.666666666666667,0.16666666666666666,0,575,15.223300970873787,10.640173980582526,0.23390022080078632,5,NA,NA,FALSE,FALSE,FALSE
2019-12-01,Dec 2019,month,5,112,29.4,21,29.4,16.475815037675503,11.72093023255814,16.475815037675503,12.239999999999998,9.5,12.239999999999998,6.063899748829981,4.774358974358974,6.063899748829981,4.2,5,4.2,0.2,0,581,15.272727272727272,10.56689454545455,-0.3361249631943161,5,NA,NA,FALSE,FALSE,FALSE
2020-01-01,Jan 2020,month,3,112,22,21,22,17.071036112488937,19.764705882352942,17.071036112488937,9.716666666666667,7.1,9.716666666666667,6.111506799702615,6.126174496644295,6.111506799702615,5,5,5,0,0,586,15.24801412180053,10.603534263018537,0.4259609719284892,5,NA,NA,FALSE,FALSE,FALSE
2020-02-01,Feb 2020,month,2,112,12.5,12.5,12.5,26.284313725490197,26.284313725490197,26.284313725490197,5.8,5.8,5.8,12.457598039215688,12.457598039215688,12.457598039215688,5,5,5,0,0,589,15.272727272727272,10.56689454545455,1.042083500066693,5,NA,NA,FALSE,FALSE,FALSE
2020-03-01,Mar 2020,month,4,112,19,16.5,19,22.676523735835872,20.805351170568564,22.676523735835872,6.862500000000001,5.125,6.862500000000001,7.383180751759597,8.653318025258324,7.383180751759597,4.75,5,4.75,0,0,591,15.448275862068964,10.488570802449242,0.5107536011721101,5,NA,NA,FALSE,FALSE,FALSE
2020-04-01,Apr 2020,month,2,112,22.5,22.5,22.5,71.55555555555554,71.55555555555554,71.55555555555554,7.300000000000001,7.300000000000001,7.300000000000001,23.30505050505051,23.30505050505051,23.30505050505051,5,5,5,0,0,595,15.448275862068964,10.574450723025581,5.305928521782648,5,NA,NA,FALSE,FALSE,FALSE
2020-05-01,May 2020,month,1,112,13,13,13,32.355555555555554,32.355555555555554,32.355555555555554,2.75,2.75,2.75,6.844444444444444,6.844444444444444,6.844444444444444,5,5,5,0,0,597,15.50769230769231,10.576661624730413,1.5929282646680756,5,NA,NA,FALSE,FALSE,FALSE
2020-08-01,Aug 2020,month,2,112,9,9,9,18.46153846153846,18.46153846153846,18.46153846153846,4.975,4.975,4.975,9.856410256410257,9.856410256410257,9.856410256410257,5,5,5,0,0,598,15.522632281013784,10.595278504672898,0.27737885127120654,5,NA,NA,FALSE,FALSE,FALSE
2021-04-01,Apr 2021,month,1,112,32,32,32,18.764397905759164,18.764397905759164,18.764397905759164,9.05,9.05,9.05,5.306806282722514,5.306806282722514,5.306806282722514,5,5,5,0,0,600,15.522632281013784,10.595278504672898,0.3059632291228253,5,NA,NA,FALSE,FALSE,FALSE
2021-05-01,May 2021,month,1,112,12,12,12,21.333333333333332,21.333333333333332,21.333333333333332,5.75,5.75,5.75,10.222222222222221,10.222222222222221,10.222222222222221,5,5,5,0,0,601,15.53757225433526,10.591886591490569,0.5471887400734009,5,NA,NA,FALSE,FALSE,FALSE
2021-06-01,Jun 2021,month,1,112,28,28,28,20.232258064516127,20.232258064516127,20.232258064516127,10.65,10.65,10.65,7.695483870967742,7.695483870967742,7.695483870967742,5,5,5,0,0,602,15.568229024103562,10.632477334742498,0.4386587333859123,5,NA,NA,FALSE,FALSE,FALSE
2021-07-01,Jul 2021,month,2,112,12,12,12,8.426794258373207,8.426794258373207,8.426794258373207,4.2749999999999995,4.2749999999999995,4.2749999999999995,2.523795853269537,2.523795853269537,2.523795853269537,5,5,5,0,0,603,15.598885793871867,10.60224192200557,-0.6764693343407461,5,NA,NA,FALSE,FALSE,FALSE
2021-12-01,Dec 2021,month,5,112,26.4,20,26.4,26.33984405348429,23.0354609929078,26.33984405348429,9.74,7.2,9.74,9.166750440000108,8.181560283687944,9.166750440000108,4.6,5,4.6,0.2,0,605,15.53757225433526,10.582164624277455,0.7085401715799232,5,NA,NA,FALSE,FALSE,FALSE
2022-01-01,Jan 2022,month,1,112,14,14,14,30.153846153846153,30.153846153846153,30.153846153846153,6,6,6,12.923076923076923,12.923076923076923,12.923076923076923,5,5,5,0,0,610,15.67360261117911,10.70854721440046,1.352213633908673,5,NA,NA,FALSE,FALSE,FALSE
2022-02-01,Feb 2022,month,1,112,2,2,2,3.4461538461538463,3.4461538461538463,3.4461538461538463,3.6,3.6,3.6,6.203076923076924,6.203076923076924,6.203076923076924,5,5,5,0,0,611,15.719298245614034,10.705055168040586,-1.146481191063924,5,NA,NA,FALSE,FALSE,FALSE
2022-04-01,Apr 2022,month,3,112,5.666666666666666,2,5.666666666666666,1.6917388489751508,1.108910891089109,1.6917388489751506,3.7333333333333334,0.1,3.733333333333334,1.1909648004511646,0.055445544554455446,1.1909648004511646,2.3333333333333335,1,2.3333333333333335,0.6666666666666666,0.3333333333333333,612,15.67360261117911,10.719456092843327,-1.3587155536570446,5,NA,NA,FALSE,FALSE,FALSE
2022-06-01,Jun 2022,month,5,112,15.2,16,15.2,12.142253704629704,10.780748663101605,12.142253704629704,7.74,6.75,7.74,6.157547050744274,7.0973262032085564,6.157547050744274,5,5,5,0,0,615,15.598885793871867,10.67306807799443,-0.45142943861702006,5,NA,NA,FALSE,FALSE,FALSE
2022-07-01,Jul 2022,month,1,112,25,25,25,17.8343949044586,17.8343949044586,17.8343949044586,11.9,11.9,11.9,8.489171974522293,8.489171974522293,8.489171974522293,5,5,5,0,0,620,15.522632281013784,10.580740983606557,0.21848778143483344,5,NA,NA,FALSE,FALSE,FALSE
2022-08-01,Aug 2022,month,8,112,28.5,26,28.5,21.965110150617313,20.204232283464567,21.965110150617313,11.06875,10.600000000000001,11.06875,7.681173501390624,7.16018123432895,7.681173501390624,5,5,5,0,0,621,15.53757225433526,10.582164624277455,0.44099295322084864,5,NA,NA,FALSE,FALSE,FALSE
2022-09-01,Sep 2022,month,1,112,22,22,22,7.748427672955975,7.748427672955975,7.748427672955975,11.75,11.75,11.75,4.138364779874213,4.138364779874213,4.138364779874213,2,2,2,1,0,629,15.627906976744185,10.55921511627907,-0.7462182763603775,5,NA,NA,FALSE,FALSE,FALSE
2022-10-01,Oct 2022,month,1,112,17,17,17,47.6,47.6,47.6,5.6,5.6,5.6,15.679999999999998,15.679999999999998,15.679999999999998,5,5,5,0,0,630,15.613396385308025,10.598491981132074,3.0180334779359184,5,NA,NA,FALSE,FALSE,FALSE
2022-11-01,Nov 2022,month,1,112,7,7,7,6.030769230769231,6.030769230769231,6.030769230769231,2.7,2.7,2.7,2.3261538461538462,2.3261538461538462,2.3261538461538462,5,5,5,0,0,631,15.627906976744185,10.62809697468615,-0.9029968176648445,5,NA,NA,FALSE,FALSE,FALSE
2022-12-01,Dec 2022,month,3,112,17.666666666666668,15,17.666666666666668,15.152480782669462,15.849056603773585,15.152480782669462,6.533333333333333,7.7,6.533333333333333,5.776491963661774,6.657777777777778,5.776491963661774,4.666666666666667,5,4.666666666666667,0,0,632,15.613396385308025,10.619285463923989,0.022191720833397727,5,NA,NA,FALSE,FALSE,FALSE
2023-01-01,Jan 2023,month,3,112,59.666666666666664,75,59.666666666666664,24.063312954767227,21.98952879581152,24.063312954767227,24.866666666666667,27,24.866666666666667,9.490923943798798,7.916230366492147,9.490923943798798,5,5,5,0,0,635,15.627906976744185,10.62809697468615,0.5985664069700676,5,NA,NA,FALSE,FALSE,FALSE
2023-03-01,Mar 2023,month,3,112,16.666666666666668,12,16.666666666666668,27.283607463130604,29.217391304347824,27.283607463130604,6.5,5.9,6.5,10.813689489566066,10.658064516129032,10.813689489566066,5,5,5,0,0,638,15.675903539768147,10.55780669296908,1.2826042527940547,5,NA,NA,FALSE,FALSE,FALSE
2023-04-01,Apr 2023,month,1,112,32,32,32,22.68354430379747,22.68354430379747,22.68354430379747,12.5,12.5,12.5,8.860759493670887,8.860759493670887,8.860759493670887,5,5,5,0,0,641,15.719298245614034,10.623013106478451,0.6555810473335747,5,NA,NA,FALSE,FALSE,FALSE
2023-05-01,May 2023,month,2,112,17.5,17.5,17.5,20.813333333333333,20.813333333333333,20.813333333333333,7.45,7.45,7.45,8.451333333333334,8.451333333333334,8.451333333333334,5,5,5,0,0,642,15.746973066468989,10.633492620320855,0.476453075933152,5,NA,NA,FALSE,FALSE,FALSE
2023-06-01,Jun 2023,month,2,112,16.5,16.5,16.5,38.3632183908046,38.3632183908046,38.3632183908046,6.475,6.475,6.475,15.551264367816092,15.551264367816092,15.551264367816092,5,5,5,0,0,644,15.774647887323944,10.600259506656588,2.1309450480241385,5,NA,NA,FALSE,FALSE,FALSE
2023-07-01,Jul 2023,month,1,112,24,24,24,42,42,42,6,6,6,10.5,10.5,10.5,5,5,5,0,0,646,15.811852245548764,10.593483541935687,2.4720997253436074,5,NA,NA,FALSE,FALSE,FALSE
2023-08-01,Aug 2023,month,1,112,26,26,26,26.472727272727273,26.472727272727273,26.472727272727273,7.1,7.1,7.1,7.229090909090909,7.229090909090909,7.229090909090909,4,4,4,0,0,647,15.849056603773585,10.600630738230445,1.0021734490420604,5,NA,NA,FALSE,FALSE,FALSE
2023-09-01,Sep 2023,month,1,112,63,63,63,21.845201238390093,21.845201238390093,21.845201238390093,35.4,35.4,35.4,12.274922600619195,12.274922600619195,12.274922600619195,5,5,5,0,0,648,15.885312615612282,10.627596942780416,0.5607936257712999,5,NA,NA,FALSE,FALSE,FALSE
2023-10-01,Oct 2023,month,3,112,26,25,26,35.45034111343662,23.02803738317757,35.45034111343662,6.083333333333333,5.95,6.083333333333333,8.988240278324618,5.914018691588785,8.988240278324618,5,5,5,0,0,649,15.92156862745098,10.558437647058822,0.6730606357945562,5,NA,NA,FALSE,FALSE,FALSE
2023-11-01,Nov 2023,month,3,112,23,23,23,34.217205763315526,26.028169014084508,34.217205763315526,9.583333333333334,8.5,9.583333333333334,14.858757325562571,16.413793103448274,14.858757325562571,5,5,5,0,0,652,15.922869621782361,10.552747234042553,0.957598923596221,5,NA,NA,FALSE,FALSE,FALSE
2024-01-01,Jan 2024,month,1,112,19,19,19,27.28205128205128,27.28205128205128,27.28205128205128,3.4499999999999997,3.4499999999999997,3.4499999999999997,4.953846153846153,4.953846153846153,4.953846153846153,5,5,5,0,0,655,16.14883720930233,10.651733953488371,1.0452020414106287,5,NA,NA,FALSE,FALSE,FALSE
2024-04-01,Apr 2024,month,2,112,13.5,13.5,13.5,20.315151515151513,20.315151515151513,20.315151515151513,5.875,5.875,5.875,10.296363636363637,10.296363636363637,10.296363636363637,5,5,5,0,0,656,16.154020594700917,10.656352719111304,0.3904835951035991,5,NA,NA,FALSE,FALSE,FALSE
2024-05-01,May 2024,month,5,112,32.6,36,32.6,11.0530903922169,11.389830508474578,11.0530903922169,14.57,14.950000000000001,14.57,5.101894046402167,4.7299435028248595,5.101894046402167,4,5,4,0.2,0.2,658,16.162076216853876,10.645449785407727,-0.4482897204513485,5,NA,NA,FALSE,FALSE,FALSE
2024-06-01,Jun 2024,month,2,112,30,30,30,15.831873252562907,15.831873252562907,15.831873252562907,15.6,15.6,15.6,8.4018266542404465,8.4018266542404465,8.4018266542404465,5,5,5,0,0,663,16.14883720930233,10.639165617327084,-0.029792181843960555,5,NA,NA,FALSE,FALSE,FALSE
2024-08-01,Aug 2024,month,1,112,21,21,21,8.166666666666668,8.166666666666668,8.166666666666668,12.5,12.5,12.5,4.861111111111111,4.861111111111111,4.861111111111111,5,5,5,0,0,665,16.14883720930233,10.523987258632841,-0.7584739839064206,5,NA,NA,FALSE,FALSE,FALSE
2024-09-01,Sep 2024,month,3,112,18,18,18,16.013233752620547,16.333333333333336,16.013233752620547,7.183333333333334,9.1,7.183333333333334,6.790100890985324,6.533333333333332,6.790100890985324,5,5,5,0,0,666,16.036503912708035,10.504543304347825,0.028257241845292127,5,NA,NA,FALSE,FALSE,FALSE
2024-10-01,Oct 2024,month,1,112,10,10,10,17.5,17.5,17.5,3.9499999999999997,3.9499999999999997,3.9499999999999997,6.9125,6.9125,6.9125,5,5,5,0,0,669,16.14883720930233,10.521190557261955,0.12842299389445708,5,NA,NA,FALSE,FALSE,FALSE
2024-11-01,Nov 2024,month,1,112,-1,-1,-1,-2.8000000000000003,-2.8000000000000003,-2.8000000000000003,-0.6,-0.6,-0.6,-1.68,-1.68,-1.68,1,1,1,1,1,670,16.154020594700917,10.499922896481388,-1.8051580741657225,5,NA,NA,FALSE,FALSE,FALSE
2024-12-01,Dec 2024,month,1,112,39,39,39,31.883211678832115,31.883211678832115,31.883211678832115,13.5,13.5,13.5,11.036496350364963,11.036496350364963,11.036496350364963,5,5,5,0,0,671,16.14883720930233,10.521190557261955,1.4954937261039891,5,NA,NA,FALSE,FALSE,FALSE
2025-01-01,Jan 2025,month,1,112,18,18,18,46.88372093023256,46.88372093023256,46.88372093023256,5.4,5.4,5.4,14.06511627906977,14.06511627906977,14.06511627906977,5,5,5,0,0,672,16.154020594700917,10.522588907947398,2.9203554946751193,5,NA,NA,FALSE,FALSE,FALSE
2025-02-01,Feb 2025,month,1,112,3,3,3,3.5,3.5,3.5,2.65,2.65,2.65,3.091666666666667,3.091666666666667,3.091666666666667,5,5,5,0,0,673,16.159203980099505,10.539357033016737,-1.2011362686017661,5,NA,NA,FALSE,FALSE,FALSE
2025-03-01,Mar 2025,month,2,112,27.5,27.5,27.5,39.93181818181819,39.93181818181819,39.93181818181819,10.125,10.125,10.125,13.035511363636363,13.035511363636363,13.035511363636363,5,5,5,0,0,674,16.154020594700917,10.587860606060605,2.2457603544106544,5,NA,NA,FALSE,FALSE,FALSE
2025-04-01,Apr 2025,month,1,112,10,10,10,5.0224215246636765,5.0224215246636765,5.0224215246636765,5.75,5.75,5.75,2.8878923766816147,2.8878923766816147,2.8878923766816147,5,5,5,0,0,676,16.162076216853876,10.645449785407727,-1.0464240512843246,5,NA,NA,FALSE,FALSE,FALSE
2025-05-01,May 2025,month,2,112,29.5,29.5,29.5,21.921513724491962,21.921513724491962,21.921513724491962,11.975000000000001,11.975000000000001,11.975000000000001,9.109414110559586,9.109414110559586,9.109414110559586,5,5,5,0,0,677,16.159203980099505,10.654535391710978,0.5408316301502384,5,NA,NA,FALSE,FALSE,FALSE
2025-07-01,Jul 2025,month,1,112,27,27,27,18.439024390243905,18.439024390243905,18.439024390243905,10.9,10.9,10.9,7.443902439024391,7.443902439024391,7.443902439024391,5,5,5,0,0,679,16.159203980099505,10.654535391710978,0.2139765204513803,5,NA,NA,FALSE,FALSE,FALSE
2025-09-01,Sep 2025,month,2,112,45,45,45,26.521359570661893,26.521359570661893,26.521359570661893,21.049999999999997,21.049999999999997,21.049999999999997,10.677967799642218,10.677967799642218,10.677967799642218,5,5,5,0,0,680,16.162076216853876,10.645449785407727,0.9731184273686609,5,NA,NA,FALSE,FALSE,FALSE
2025-10-01,Oct 2025,month,1,112,5,5,5,31.111111111111114,31.111111111111114,31.111111111111114,1.5,1.5,1.5,9.333333333333332,9.333333333333332,9.333333333333332,5,5,5,0,0,682,16.204611631384275,10.664267596158655,1.3977987091299422,5,NA,NA,FALSE,FALSE,FALSE
2025-11-01,Nov 2025,month,3,112,14.333333333333334,15,14.333333333333334,30.333333333333332,42,30.333333333333332,6.199999999999999,4.1,6.199999999999999,16.38,14.56,16.38,4.666666666666667,5,4.666666666666667,0,0,683,16.244274809160306,10.67114049352033,2.413586926953023,5,NA,NA,FALSE,FALSE,FALSE
2025-12-01,Dec 2025,month,4,112,15.5,13.5,15.5,27.009564922028044,23.850214301827204,27.009564922028044,6.4375,5.35,6.4375,10.124904883448194,10.89684108994454,10.124904883448194,5,5,5,0,0,686,16.244274809160306,10.754746209896972,0.7072170132352906,5,NA,NA,FALSE,FALSE,FALSE
2026-01-01,Jan 2026,month,11,112,24.81818181818182,20,22.88888888888889,30.194161869643878,26.782608695652176,30.22084804643717,9.309090909090909,6.6499999999999995,8.433333333333334,10.394258041031954,10.468468468468469,10.749566412290083,5,5,5,0,0,690,16.316420712311622,10.74978054872841,0.9736187576944162,5,NA,NA,FALSE,FALSE,FALSE
2026-02-01,Feb 2026,month,19,112,20.42105263157895,16,19.94117647058824,29.306196707053285,28,28.714271498987816,8.860526315789475,6.4,8.53235294117647,11.577875357651155,10.76923076923077,11.619318369598636,5,5,5,0,0,701,16.36923076923077,10.850742750582752,1.0718869203810573,5,NA,NA,FALSE,FALSE,FALSE
2026-03-01,Mar 2026,month,16,112,19.4375,15,18.357142857142858,31.88796056091922,29.168695652173913,28.796659851469744,7.715625,4.95,6.996428571428572,11.289938702441543,10.335802469135803,10.995094780812313,5,5,5,0,0,720,16.761111111111113,11.141407835051545,1.113646024340639,5,NA,NA,FALSE,FALSE,FALSE
2026-04-01,Apr 2026,month,17,112,18.705882352941178,13,18.333333333333336,27.783450811768894,25.846153846153847,27.267621064932282,8.444117647058823,6.45,8.383333333333333,11.46092169187419,12.07843137254902,11.699962458520217,5,5,5,0,0,736,17.093023255813954,11.529493896398288,0.7591946939730194,5,NA,NA,FALSE,FALSE,FALSE
2026-05-01,May 2026,month,9,112,17.555555555555557,9,17.555555555555557,32.427366227130236,21,32.42736622713024,8.38888888888889,5.3,8.388888888888888,14.68854469120733,13.19111111111111,14.68854469120733,5,5,5,0,0,753,17.352112676056336,11.79187581995469,0.3093559820033519,5,NA,NA,FALSE,FALSE,FALSE
2006-10-01,2006 Q4,quarter,3,112,30,26,30,13.385504416260703,12.444444444444443,13.385504416260703,14.450000000000001,9.350000000000001,14.450000000000001,5.600835240525496,5.172291296625222,5.600835240525496,5,5,5,0,0,0,NA,NA,NA,NA,NA,NA,FALSE,FALSE,FALSE
2007-04-01,2007 Q2,quarter,1,112,24,24,24,10.795180722891567,10.795180722891567,10.795180722891567,13.450000000000001,13.450000000000001,13.450000000000001,6.049799196787149,6.049799196787149,6.049799196787149,5,5,5,0,0,3,NA,NA,NA,NA,NA,NA,FALSE,FALSE,FALSE
2007-07-01,2007 Q3,quarter,2,112,30.5,30.5,30.5,6.646521168395617,6.646521168395617,6.646521168395617,14.925,14.925,14.925,3.340513430219465,3.340513430219465,3.340513430219465,3,3,3,0.5,0,4,NA,NA,NA,NA,NA,NA,FALSE,FALSE,FALSE
2007-10-01,2007 Q4,quarter,1,112,-1,-1,-1,-0.4571428571428572,-0.4571428571428572,-0.4571428571428572,4.1,4.1,4.1,1.8742857142857141,1.8742857142857141,1.8742857142857141,4,4,4,0,1,6,NA,NA,NA,NA,NA,NA,FALSE,FALSE,FALSE
2008-01-01,2008 Q1,quarter,2,112,29,29,29,25.386773547094187,25.386773547094187,25.386773547094187,9.850000000000001,9.850000000000001,9.850000000000001,7.685370741482966,7.685370741482966,7.685370741482966,5,5,5,0,0,7,NA,NA,NA,NA,NA,NA,FALSE,FALSE,FALSE
2008-04-01,2008 Q2,quarter,2,112,31.5,31.5,31.5,11.437665782493369,11.437665782493369,11.437665782493369,10.575,10.575,10.575,3.8959363395225464,3.8959363395225464,3.8959363395225464,4,4,4,0,0,9,NA,NA,NA,NA,NA,NA,FALSE,FALSE,FALSE
2008-07-01,2008 Q3,quarter,2,112,38.5,38.5,38.5,16.835762043545344,16.835762043545344,16.835762043545344,15.725000000000001,15.725000000000001,15.725000000000001,6.694762557860449,6.694762557860449,6.694762557860449,5,5,5,0,0,11,NA,NA,NA,NA,NA,NA,FALSE,FALSE,FALSE
2008-10-01,2008 Q4,quarter,4,112,40,44,40,13.705037687763324,12.651880783000884,13.705037687763324,16.0625,14.625,16.0625,4.943490542757797,5.062054214906775,4.943490542757797,4,4.5,4,0.25,0,13,NA,NA,NA,NA,NA,NA,FALSE,FALSE,FALSE
2009-01-01,2009 Q1,quarter,3,112,26,34,26,10.23945297574817,12.323624595469255,10.23945297574817,14.866666666666667,11.55,14.866666666666667,5.353293033843977,4.186407766990291,5.353293033843977,3.6666666666666665,4,3.6666666666666665,0.3333333333333333,0,17,NA,NA,NA,NA,NA,NA,FALSE,FALSE,FALSE
2009-04-01,2009 Q2,quarter,6,112,27.166666666666668,28.5,27.166666666666668,12.318458272007616,12.669747600426591,12.318458272007616,10.575,10.8,10.575,4.848521668361299,4.365943832207607,4.848521668361299,4.833333333333333,5,4.833333333333333,0,0,20,11.172092356231177,4.39842061451181,0.3404984141930778,5,NA,NA,FALSE,FALSE,FALSE
2009-07-01,2009 Q3,quarter,7,112,22.714285714285715,23,22.714285714285715,10.48996247107122,7.516778523489933,10.48996247107122,11.178571428571429,7.1499999999999995,11.178571428571429,4.157579585187451,4.042105263157894,4.157579585187451,4.142857142857143,4,4.142857142857143,0.14285714285714285,0,26,11.418972443046153,4.39842061451181,-0.8871807090667095,5,NA,NA,FALSE,FALSE,FALSE
2009-10-01,2009 Q4,quarter,5,112,28.8,29,28.8,16.145218559159844,16.159203980099505,16.145218559159844,12.950000000000001,12.850000000000001,12.950000000000001,6.8392439508245015,6.820853080568721,6.8392439508245015,5,5,5,0,0,33,10.81619937694704,5.111676143630103,1.0452549130700763,5,NA,NA,FALSE,FALSE,FALSE
2010-01-01,2010 Q1,quarter,3,112,18.666666666666668,15,18.666666666666668,15.829509919852844,11.200000000000001,15.829509919852844,6.733333333333333,7.55,6.733333333333333,4.1546931061318135,3.986440677966102,4.1546931061318135,4.666666666666667,5,4.666666666666667,0,0,38,11.172092356231177,5.809533601032554,0.0048037666507107874,5,NA,NA,FALSE,FALSE,FALSE
2010-04-01,2010 Q2,quarter,5,112,21.4,24,21.4,7.826761459445215,5.9893048128342246,7.826761459445215,9.290000000000001,9.6,9.290000000000001,3.3615643088316407,3.922994652406417,3.3615643088316407,3.4,4,3.4,0.4,0,41,11.200000000000001,5.680698947368422,-0.9172630402425437,5,NA,NA,FALSE,FALSE,FALSE
2010-07-01,2010 Q3,quarter,2,112,23,23,23,5.598226961219883,5.598226961219883,5.598226961219883,7.925000000000001,7.925000000000001,7.925000000000001,2.180809102143784,2.180809102143784,2.180809102143784,4,4,4,0.5,0,46,10.934415477947205,5.711392771084339,-0.9343059969090899,5,NA,NA,FALSE,FALSE,FALSE
2010-10-01,2010 Q4,quarter,2,112,16.5,16.5,16.5,26.718586912886387,26.718586912886387,26.718586912886387,4.425,4.425,4.425,6.499237254114814,6.499237254114814,6.499237254114814,5,5,5,0,0,48,10.814996240197658,5.711392771084339,2.7845380820603847,5,NA,NA,FALSE,FALSE,FALSE
2011-01-01,2011 Q1,quarter,4,112,35.5,31,35.5,19.771160105127244,21.477272727272727,19.771160105127244,11.75,11.425,11.75,6.473274253374997,7.214772727272727,6.473274253374997,4.75,5,4.75,0,0,50,10.934415477947205,6.563521113330327,1.6062806940490029,5,NA,NA,FALSE,FALSE,FALSE
2011-04-01,2011 Q2,quarter,4,112,25.25,21.5,25.25,16.052561808813635,17.19119846186712,16.052561808813635,9.3875,7.9,9.3875,5.654549620101963,5.630207220679342,5.654549620101963,4,4.5,4,0.25,0,54,11.126315789473685,7.538946252693753,0.8044735257565184,5,NA,NA,FALSE,FALSE,FALSE
2011-07-01,2011 Q3,quarter,7,112,17,18,17,15.736153119887204,14.451612903225806,15.736153119887206,6.45,6.55,6.45,5.421847596172445,4.808080808080808,5.421847596172445,4.857142857142857,5,4.857142857142857,0,0,58,11.245776566757494,7.517737010198551,0.42643635074215547,5,NA,NA,FALSE,FALSE,FALSE
2011-10-01,2011 Q4,quarter,8,112,21,21.5,21,11.340329289269253,9.272727272727273,11.340329289269253,8.99375,8.6,8.99375,4.438196540694132,3.1977272727272723,4.438196540694132,3.5,4,3.5,0.5,0.25,65,11.291553133514986,7.216779145146208,-0.2797405629553615,5,NA,NA,FALSE,FALSE,FALSE
2012-01-01,2012 Q1,quarter,12,112,26.5,18,23.2,11.8397910285507,10.174537133347203,10.294414422403074,10.791666666666666,9.9,9.92,4.069320465043202,4.304631578947369,4.2230647975728015,4.083333333333333,5,4.3,0.25,0.08333333333333333,73,11.200000000000001,7.583440629921257,-0.1352239592417626,5,NA,NA,FALSE,FALSE,FALSE
2012-04-01,2012 Q2,quarter,11,112,16.90909090909091,13,15.88888888888889,13.114819822449407,16.244274809160306,13.35508790624302,7.0636363636363635,4.7,6.555555555555556,4.937497384960913,5.852777777777778,5.059929110096952,4.2727272727272725,5,4.555555555555555,0.2727272727272727,0.09090909090909091,85,11.052631578947368,7.571004241948158,0.6857271590798941,5,NA,NA,FALSE,FALSE,FALSE
2012-07-01,2012 Q3,quarter,8,112,26.375,15.5,26.375,13.531747137004352,12.551873198847261,13.531747137004352,9.68125,6.85,9.68125,5.006332724992567,4.930982905982907,5.006332724992567,4.75,5,4.75,0,0,96,11.126315789473685,8.192355485232067,0.17401068739550604,5,NA,NA,FALSE,FALSE,FALSE
2012-10-01,2012 Q4,quarter,17,112,18.88235294117647,13,18.133333333333336,14.821958776837416,12.923076923076923,12.767325638139315,7.602941176470589,6,7.43,5.681083499602742,5.672258064516129,5.4146116536017015,4.235294117647059,5,4.4,0.23529411764705882,0.058823529411764705,104,11.245776566757494,7.656573375358571,0.21906671223416296,5,NA,NA,FALSE,FALSE,FALSE
2013-01-01,2013 Q1,quarter,5,112,28.2,27,28.2,15.364287610941055,11.71631205673759,15.364287610941055,13.1,10.5,13.1,7.147245034320736,5.856880733944955,7.147245034320736,4.6,5,4.6,0.2,0,121,11.54639175257732,7.673686254295531,0.022143243615824496,5,NA,NA,FALSE,FALSE,FALSE
2013-04-01,2013 Q2,quarter,14,112,16.785714285714285,13.5,15.083333333333332,11.233301493930563,11.799338842975207,10.943035278681474,8.928571428571429,6.1,7.641666666666667,5.976600198871546,6.504386223138063,5.790783902732054,4.214285714285714,5,4.416666666666667,0.21428571428571427,0.07142857142857142,126,11.591377694470477,7.3072517966239845,0.028459556929570893,5,NA,NA,FALSE,FALSE,FALSE
2013-07-01,2013 Q3,quarter,16,112,27.625,24,26.571428571428573,16.724919286637075,15.90241050309618,16.44538613099283,10.896875,9.05,10.489285714285714,5.957528006309349,6.226273686448561,6.043142909466324,4.25,4.5,4.285714285714286,0.25,0,140,11.591377694470477,7.469620186330196,0.5771421706976645,5,NA,NA,FALSE,FALSE,FALSE
2013-10-01,2013 Q4,quarter,13,112,29.46153846153846,21,27.363636363636367,10.037789135258654,11.200000000000001,10.365424241714855,12.273076923076923,6.8,11.131818181818183,4.505029575118997,5.634146341463415,4.635300699639079,3.923076923076923,5,4.090909090909091,0.3076923076923077,0.07692307692307693,156,11.642181818181818,8.050479689922483,-0.05492614542402191,5,NA,NA,FALSE,FALSE,FALSE
2014-01-01,2014 Q1,quarter,11,112,18.545454545454547,7,14.222222222222221,11.618937501180842,13.135802469135802,9.808603533277761,7.131818181818182,3.75,5.3277777777777775,4.072614510007441,4.031535269709544,3.9048913376253926,3.6363636363636362,5,3.7777777777777777,0.36363636363636365,0,169,11.636363636363637,8.06061019955654,0.186020511555646,5,NA,NA,FALSE,FALSE,FALSE
2014-04-01,2014 Q2,quarter,13,112,19.153846153846153,24,19.18181818181818,8.503707328377082,9.73913043478261,7.879587239701651,6.580769230769231,6.75,6.777272727272727,2.7855606492041187,3.4360655737704917,2.776888639062896,3.3846153846153846,4,3.4545454545454546,0.38461538461538464,0.07692307692307693,180,11.642181818181818,8.333297573015223,-0.22836714598571944,5,NA,NA,FALSE,FALSE,FALSE
2014-07-01,2014 Q3,quarter,11,112,16.727272727272727,19,16.333333333333332,13.825686220122805,14.06060606060606,13.95209541346894,5.55,5.6,5.4111111111111105,4.949299169412028,5.053658536585367,4.9000160430282325,4.909090909090909,5,5,0,0,193,11.302752293577981,8.555222376370555,0.3223590978354047,5,NA,NA,FALSE,FALSE,FALSE
2014-10-01,2014 Q4,quarter,6,112,23.666666666666664,22.5,23.666666666666664,19.027005372889388,9.402276874945684,19.027005372889388,9.091666666666667,8.75,9.091666666666667,6.702460118468924,4.994391165358907,6.702460118468924,4.666666666666667,5,4.666666666666667,0,0,204,11.371091111159537,8.598856216030773,-0.2289623394962005,5,NA,NA,FALSE,FALSE,FALSE
2015-01-01,2015 Q1,quarter,10,112,26.1,24.5,25,16.34445891361744,14.118620689655172,16.122828828389757,10.025,9.125,9.1,5.9070648729296495,6.104078639413325,6.018352778624926,4.5,5,4.625,0.1,0,210,11.297152713546485,8.707192415169663,0.32403877640203843,5,NA,NA,FALSE,FALSE,FALSE
2015-04-01,2015 Q2,quarter,12,112,21.25,22,20.3,19.822274899413443,18.07719298245614,18.067295419674757,8.325,7.800000000000001,8.175,7.459559726058164,6.864461883408072,7.535703638679334,4.666666666666667,5,4.9,0.08333333333333333,0,220,11.492910840659206,8.418246285074561,0.7821441567314059,5,NA,NA,FALSE,FALSE,FALSE
2015-07-01,2015 Q3,quarter,20,112,12,13,12.625,14.451177536886984,12.06263774504118,13.192456899343227,5.335,5.475,5.2,5.935866471611995,6.76921568627451,5.676805789563744,4.25,5,4.5,0.2,0.1,232,11.642181818181818,8.35708517039848,0.05031131289036668,5,NA,NA,FALSE,FALSE,FALSE
2015-10-01,2015 Q4,quarter,16,112,14.75,12.5,13.071428571428573,16.384464315524465,13.911650485436894,14.831162680945708,5.94375,4.949999999999999,5.060714285714286,6.689975458620099,6.344711292795094,6.459322602059334,4.6875,5,4.785714285714286,0.125,0.0625,252,11.682156028368794,8.521717044821996,0.26162502760201306,5,NA,NA,FALSE,FALSE,FALSE
2016-01-01,2016 Q1,quarter,10,112,20.9,16,16.5,19.8011065934643,17.524289186261015,17.18777615648416,7.35,4.55,5.49375,7.112184809915353,6.617408906882591,6.407923320086498,4.2,5,4.5,0.2,0,268,11.888910982965466,8.720580811297244,0.6462159258928132,5,NA,NA,FALSE,FALSE,FALSE
2016-04-01,2016 Q2,quarter,18,112,15.555555555555555,12,13.4375,17.876803534157364,14.892137931034483,17.053070642593703,6.572222222222222,4.625,5.8875,7.316191785039736,7.3817136357892075,6.984465758169703,4.444444444444445,5,4.5,0.16666666666666666,0,278,12.039352921756356,8.845705392760403,0.32250508948816387,5,NA,NA,FALSE,FALSE,FALSE
2016-07-01,2016 Q3,quarter,27,112,17.22222222222222,19,17.130434782608695,19.879763510756796,16.14883720930233,19.41289874898717,6.970370370370371,6.8,6.230434782608696,7.435218148881085,6.806153846153846,7.270576407999258,4.518518518518518,5,4.695652173913044,0.14814814814814814,0.07407407407407407,296,12.105927252901317,9.036705809667621,0.44738758144321106,5,NA,NA,FALSE,FALSE,FALSE
2016-10-01,2016 Q4,quarter,34,112,17.64705882352941,16,16.678571428571427,22.848541166894403,23.28614762386249,22.983437389600752,7.0588235294117645,5.45,6.175,8.357173537521074,8.300374531835207,8.473152494773428,4.5588235294117645,5,4.821428571428571,0.14705882352941177,0.08823529411764706,323,12.323624595469255,9.343521954274975,1.1732752469616143,5,NA,NA,FALSE,FALSE,FALSE
2017-01-01,2017 Q1,quarter,21,112,18.952380952380953,14,14.647058823529411,22.236702591220684,18.2,20.243954411992334,7.228571428571428,5.6,5.961764705882353,7.997367753163842,7.61025641025641,7.754759560915975,4.285714285714286,5,4.529411764705882,0.19047619047619047,0.047619047619047616,357,13.250704225352113,10.391866839925,0.4762662812068526,5,NA,NA,FALSE,FALSE,FALSE
2017-04-01,2017 Q2,quarter,22,112,15.045454545454545,11,11.444444444444446,16.725998740701932,15.969798170466095,16.227802221415978,5.920454545454545,4.125,4.705555555555556,6.299095606460342,6.659674796747967,6.469554061188816,4.636363636363637,5,4.777777777777778,0.045454545454545456,0.045454545454545456,378,13.53569075334944,10.601285473879441,0.2296049307524134,5,NA,NA,FALSE,FALSE,FALSE
2017-07-01,2017 Q3,quarter,24,112,30,27.5,28.4,21.147327164304926,15.875612353567625,19.495121214285227,11.247916666666667,8.875,10.530000000000001,7.655004662197417,7.141718555417185,7.340203773368186,4.875,5,5,0.041666666666666664,0,400,13.60953735097889,10.515075989159891,0.21550723978836264,5,NA,NA,FALSE,FALSE,FALSE
2017-10-01,2017 Q4,quarter,26,112,16.96153846153846,15.5,16.454545454545453,23.267394709848375,24.894871794871793,22.805513776240705,6.619230769230769,5.775,6.079545454545454,8.469963332313746,7.7920454545454545,8.346551404627133,5,5,5,0,0,424,13.773744706594073,10.46228776119403,1.062972778241429,5,NA,NA,FALSE,FALSE,FALSE
2018-01-01,2018 Q1,quarter,16,112,22.6875,16,20.142857142857146,18.38403097898946,19.337959489872468,17.94523905885642,9.121875,6.65,7.492857142857143,7.528032915819215,7.855821917808219,7.446137383621992,4.75,5,4.928571428571429,0.0625,0,450,14.393806451612903,10.451029473684212,0.4730780877337479,5,NA,NA,FALSE,FALSE,FALSE
2018-04-01,2018 Q2,quarter,18,112,32.83333333333333,20.5,23.5625,15.811849340908052,13.505608641462402,15.854884053016281,16.408333333333335,8.15,10.0125,6.531711010585012,6.396712328767124,6.459991192377695,4.388888888888889,5,4.5625,0.2222222222222222,0.1111111111111111,466,14.469587546140266,10.4181960779086,-0.09252838950900011,5,NA,NA,FALSE,FALSE,FALSE
2018-07-01,2018 Q3,quarter,20,112,24.25,20.5,21.625,24.258226388968687,24.51021783067595,23.827568392573223,8.915000000000001,8.600000000000001,8.26875,9.280542577775265,9.374647887323944,8.972396534244023,4.75,5,5,0.1,0,484,14.308939597315437,10.414366153020131,0.9795390409239813,5,NA,NA,FALSE,FALSE,FALSE
2018-10-01,2018 Q4,quarter,22,112,19.636363636363637,18.5,18.666666666666664,20.471089634170017,17.32649572649573,18.695752290467983,8.070454545454545,6.3,7.180555555555555,8.06538775555256,8.09311327831958,7.71001283537841,4.818181818181818,5,4.888888888888889,0,0,504,14.728421052631578,10.359297723487826,0.2507964094876324,5,NA,NA,FALSE,FALSE,FALSE
2019-01-01,2019 Q1,quarter,6,112,11.666666666666668,14,11.666666666666668,18.124141569107874,21.190365190365192,18.124141569107874,4.858333333333333,5.5,4.858333333333333,7.348121185041749,7.7005439005439005,7.348121185041749,4.333333333333333,5,4.333333333333333,0.16666666666666666,0.16666666666666666,526,14.79010779961953,10.5079275,0.6090884611399976,5,NA,NA,FALSE,FALSE,FALSE
2019-04-01,2019 Q2,quarter,17,112,15.529411764705882,15,15.533333333333333,25.2296067482124,24,23.65857857742534,6.0323529411764705,5.75,5.996666666666666,8.348737422704074,7.646153846153846,7.979505854966638,4.529411764705882,5,4.733333333333333,0.11764705882352941,0,532,14.873741541508501,10.45165540950455,0.8731878445009048,5,NA,NA,FALSE,FALSE,FALSE
2019-07-01,2019 Q3,quarter,19,112,20.68421052631579,21,20.352941176470587,21.80409917850686,19.310344827586206,20.79122480081131,8.25,7.7,8.05,8.071635277217055,8.049999999999999,7.739588113624142,4.894736842105263,5,4.9411764705882355,0,0,549,14.933333333333334,10.555192558139534,0.41467850729805805,5,NA,NA,FALSE,FALSE,FALSE
2019-10-01,2019 Q4,quarter,18,112,25.944444444444443,21,24.375,20.11797127043533,18.729111338100104,20.2426542542926,10.188888888888888,8.450000000000001,9.365625000000001,7.697427778273428,7.006991932385709,7.666829647315887,4.611111111111111,5,4.8125,0.1111111111111111,0,568,14.991785655218038,10.43593187890783,0.3581209350777398,5,NA,NA,FALSE,FALSE,FALSE
2020-01-01,2020 Q1,quarter,9,112,18.555555555555557,20,18.555555555555557,21.609758970198964,19.764705882352942,21.609758970198964,7.5777777777777775,6.25,7.5777777777777775,8.086937720508622,6.796581196581196,8.086937720508622,4.888888888888889,5,4.888888888888889,0,0,586,15.24801412180053,10.603534263018537,0.4259609719284892,5,NA,NA,FALSE,FALSE,FALSE
2020-04-01,2020 Q2,quarter,3,112,19.333333333333332,13,19.333333333333332,58.48888888888889,37.33333333333333,58.48888888888889,5.783333333333333,4.2,5.783333333333333,17.81818181818182,14.254545454545456,17.81818181818182,5,5,5,0,0,595,15.448275862068964,10.574450723025581,2.0696164788597713,5,NA,NA,FALSE,FALSE,FALSE
2020-07-01,2020 Q3,quarter,2,112,9,9,9,18.46153846153846,18.46153846153846,18.46153846153846,4.975,4.975,4.975,9.856410256410257,9.856410256410257,9.856410256410257,5,5,5,0,0,598,15.522632281013784,10.595278504672898,0.27737885127120654,5,NA,NA,FALSE,FALSE,FALSE
2021-04-01,2021 Q2,quarter,3,112,24,28,24,20.109996434536207,20.232258064516127,20.109996434536207,8.483333333333334,9.05,8.483333333333334,7.741504125304159,7.695483870967742,7.741504125304159,5,5,5,0,0,600,15.522632281013784,10.595278504672898,0.4445023112346909,5,NA,NA,FALSE,FALSE,FALSE
2021-07-01,2021 Q3,quarter,2,112,12,12,12,8.426794258373207,8.426794258373207,8.426794258373207,4.2749999999999995,4.2749999999999995,4.2749999999999995,2.523795853269537,2.523795853269537,2.523795853269537,5,5,5,0,0,603,15.598885793871867,10.60224192200557,-0.6764693343407461,5,NA,NA,FALSE,FALSE,FALSE
2021-10-01,2021 Q4,quarter,5,112,26.4,20,26.4,26.33984405348429,23.0354609929078,26.33984405348429,9.74,7.2,9.74,9.166750440000108,8.181560283687944,9.166750440000108,4.6,5,4.6,0.2,0,605,15.53757225433526,10.582164624277455,0.7085401715799232,5,NA,NA,FALSE,FALSE,FALSE
2022-01-01,2022 Q1,quarter,2,112,8,8,8,16.8,16.8,16.8,4.8,4.8,4.8,9.563076923076924,9.563076923076924,9.563076923076924,5,5,5,0,0,610,15.67360261117911,10.70854721440046,0.10518676028305252,5,NA,NA,FALSE,FALSE,FALSE
2022-04-01,2022 Q2,quarter,8,112,11.625,15,11.625,8.223310633759247,9.611844811040534,8.223310633759246,6.237500000000001,6.699999999999999,6.2375,4.295078706884358,5.06547548325184,4.295078706884358,4,5,4,0.25,0.125,612,15.67360261117911,10.719456092843327,-0.5654911730256176,5,NA,NA,FALSE,FALSE,FALSE
2022-07-01,2022 Q3,quarter,10,112,27.5,24,26.125,20.13037037823531,18.9796974522293,18.19440951367464,11.22,11.100000000000001,10.71875,7.40769247655215,7.16018123432895,7.202319998205911,4.7,5,5,0.1,0,620,15.522632281013784,10.580740983606557,0.32673185900418267,5,NA,NA,FALSE,FALSE,FALSE
2022-10-01,2022 Q4,quarter,5,112,15.4,15,15.4,19.817642315755524,15.849056603773585,19.817642315755524,5.58,5.6,5.58,7.067125947427833,6.657777777777778,7.067125947427834,4.8,5,4.8,0,0,630,15.613396385308025,10.598491981132074,0.02223525940153494,5,NA,NA,FALSE,FALSE,FALSE
2023-01-01,2023 Q1,quarter,6,112,38.166666666666664,27.5,38.166666666666664,25.673460208948914,25.603460050079672,25.673460208948914,15.683333333333334,9.575,15.683333333333334,10.152306716682432,10.015988779803646,10.152306716682432,5,5,5,0,0,635,15.627906976744185,10.62809697468615,0.9386019996896073,5,NA,NA,FALSE,FALSE,FALSE
2023-04-01,2023 Q2,quarter,5,112,20,19,20,28.207329550414666,23.893333333333334,28.207329550414666,8.07,7.05,8.07,11.373190979193948,8.913333333333334,11.373190979193948,5,5,5,0,0,641,15.719298245614034,10.623013106478451,0.76946484069895,5,NA,NA,FALSE,FALSE,FALSE
2023-07-01,2023 Q3,quarter,3,112,37.666666666666664,26,37.666666666666664,30.105976170372454,26.472727272727273,30.105976170372454,16.166666666666664,7.1,16.166666666666668,10.001337836570034,10.5,10.001337836570034,4.666666666666667,5,4.666666666666667,0,0,646,15.811852245548764,10.593483541935687,1.0063615981443728,5,NA,NA,FALSE,FALSE,FALSE
2023-10-01,2023 Q4,quarter,6,112,24.5,24,24.5,34.83377343837608,25.565808644973288,34.83377343837608,7.833333333333334,7.525,7.833333333333334,11.923498801943595,12.880135988343856,11.923498801943595,5,5,5,0,0,649,15.92156862745098,10.558437647058822,0.9134154445860486,5,NA,NA,FALSE,FALSE,FALSE
2024-01-01,2024 Q1,quarter,1,112,19,19,19,27.28205128205128,27.28205128205128,27.28205128205128,3.4499999999999997,3.4499999999999997,3.4499999999999997,4.953846153846153,4.953846153846153,4.953846153846153,5,5,5,0,0,655,16.14883720930233,10.651733953488371,1.0452020414106287,5,NA,NA,FALSE,FALSE,FALSE
2024-04-01,2024 Q2,quarter,9,112,27.77777777777778,28,27.77777777777778,14.173277944057038,15.766990291262136,14.173277944057038,12.866666666666667,14.850000000000001,12.866666666666667,6.989538979246556,6.728155339805825,6.989538979246556,4.444444444444445,5,4.444444444444445,0.1111111111111111,0.1111111111111111,656,16.154020594700917,10.656352719111304,-0.03631920917413643,5,NA,NA,FALSE,FALSE,FALSE
2024-07-01,2024 Q3,quarter,4,112,18.75,19.5,18.75,14.051591981132077,14.510416666666668,14.051591981132077,8.5125,9.375,8.5125,6.307853446016771,5.697222222222221,6.307853446016771,5,5,5,0,0,665,16.14883720930233,10.523987258632841,-0.15568439056134947,5,NA,NA,FALSE,FALSE,FALSE
2024-10-01,2024 Q4,quarter,3,112,16,10,16,15.527737226277372,17.5,15.527737226277372,5.616666666666667,3.9499999999999997,5.616666666666666,5.422998783454988,6.9125,5.422998783454988,3.6666666666666665,5,3.6666666666666665,0.3333333333333333,0.3333333333333333,669,16.14883720930233,10.521190557261955,0.12842299389445708,5,NA,NA,FALSE,FALSE,FALSE
2025-01-01,2025 Q1,quarter,4,112,19,18.5,19,32.56183932346723,39.19186046511628,32.56183932346723,7.075,5.2,7.075,10.806951418252291,13.035511363636363,10.806951418252291,5,5,5,0,0,672,16.154020594700917,10.522588907947398,2.1893699423167208,5,NA,NA,FALSE,FALSE,FALSE
2025-04-01,2025 Q2,quarter,3,112,23,24,23,16.28848299121587,16.131687242798357,16.28848299121587,9.9,10.350000000000001,9.9,7.035573532600262,6.268312757201646,7.035573532600262,5,5,5,0,0,676,16.162076216853876,10.645449785407727,-0.0028546444413438464,5,NA,NA,FALSE,FALSE,FALSE
2025-07-01,2025 Q3,quarter,3,112,39,27,39,23.827247843855897,23.08923076923077,23.827247843855897,17.666666666666664,10.9,17.666666666666664,9.599946012769609,9.311627906976744,9.599946012769609,5,5,5,0,0,679,16.159203980099505,10.654535391710978,0.6504297498061429,5,NA,NA,FALSE,FALSE,FALSE
2025-10-01,2025 Q4,quarter,8,112,13.75,13,13.75,28.76867134990291,30.007168458781365,28.76867134990291,5.73125,3.75,5.731249999999999,12.371619108390762,12.015862068965518,12.371619108390762,4.875,5,4.875,0,0,682,16.204611631384275,10.664267596158655,1.2942808029656785,5,NA,NA,FALSE,FALSE,FALSE
2026-01-01,2026 Q1,quarter,46,112,21.130434782608695,15.5,19.42105263157895,30.41654102119136,28.560000000000002,29.031148655882767,8.569565217391304,5.925,7.818421052631579,11.194684554038872,10.55644864722879,11.075896188268112,5,5,5,0,0,690,16.316420712311622,10.74978054872841,1.1389608589857838,5,NA,NA,FALSE,FALSE,FALSE
2026-04-01,2026 Q2,quarter,26,112,18.307692307692307,13,17.72727272727273,29.390959994009357,25.367521367521366,27.87001510444894,8.425,6.4,8.279545454545454,12.57817580702797,12.312096774193549,12.454491201938454,5,5,5,0,0,736,17.093023255813954,11.529493896398288,0.7176809481890869,5,NA,NA,FALSE,FALSE,FALSE
2006-01-01,2006,year,3,112,30,26,30,13.385504416260703,12.444444444444443,13.385504416260703,14.450000000000001,9.350000000000001,14.450000000000001,5.600835240525496,5.172291296625222,5.600835240525496,5,5,5,0,0,0,NA,NA,NA,NA,NA,NA,FALSE,FALSE,FALSE
2007-01-01,2007,year,4,112,21,24,21,5.907770050634985,6.398334963083908,5.907770050634985,11.85,12.200000000000001,11.85,3.6512779428779485,3.821066562864928,3.6512779428779485,3.75,4,3.75,0.25,0.25,3,NA,NA,NA,NA,NA,NA,FALSE,FALSE,FALSE
2008-01-01,2008,year,10,112,35.8,31.5,35.75,16.21405534973191,11.557085020242916,14.848093531734175,13.655,10.575,12.693750000000001,5.632610144876311,4.537546749013552,5.475406875851943,4.4,5,4.625,0.1,0,7,NA,NA,NA,NA,NA,NA,FALSE,FALSE,FALSE
2009-01-01,2009,year,21,112,25.904761904761905,29,25.823529411764703,12.323092316789904,11.54639175257732,11.971068570537286,11.954761904761906,11.55,11.555882352941177,5.164299331530208,4.549019607843137,5.028689694967783,4.476190476190476,5,4.705882352941177,0.09523809523809523,0,17,NA,NA,NA,NA,NA,NA,FALSE,FALSE,FALSE
2010-01-01,2010,year,12,112,20.166666666666668,17,19.6,12.604663733749762,10.559529470288302,11.735319987540521,7.612500000000001,7.625,7.55,3.8859994645892364,3.9597319668900277,3.8996676481844403,4.083333333333333,4.5,4.3,0.25,0,38,11.172092356231177,5.809533601032554,-0.10544097478565262,5,NA,NA,FALSE,FALSE,FALSE
2011-01-01,2011,year,23,112,23.043478260869566,18,21.842105263157897,14.963938861266433,14.451612903225806,15.120216712290183,8.767391304347827,7.45,8.257894736842106,5.303034825768174,5.24393063583815,5.28584316189028,4.217391304347826,5,4.473684210526316,0.21739130434782608,0.08695652173913043,50,10.934415477947205,6.563521113330327,0.5358705128768874,5,NA,NA,FALSE,FALSE,FALSE
2012-01-01,2012,year,48,112,21.583333333333336,14.5,19.2,13.470162222746307,11.875873198847263,12.494817148430784,8.622916666666667,6.025,8.04875,4.995279127255742,5.331683915155538,4.979632527900529,4.291666666666667,5,4.525,0.20833333333333334,0.0625,73,11.200000000000001,7.583440629921257,0.08912487508381528,5,NA,NA,FALSE,FALSE,FALSE
2013-01-01,2013,year,48,112,25.020833333333336,21,22.424999999999994,13.170367214881018,11.789620202823624,12.807432481672773,10.925,8.55,9.8775,5.693634594443789,6.426,5.708274698761846,4.1875,5,4.425,0.25,0.041666666666666664,121,11.54639175257732,7.673686254295531,0.031696428833033335,5,NA,NA,FALSE,FALSE,FALSE
2014-01-01,2014,year,41,112,19,17,16.696969696969703,12.307343620501916,9.98918918918919,10.677503891404601,6.819512195121951,5.55,6.3590909090909085,4.284587795709299,4.210023866348449,4.114841012127137,4.048780487804878,5,4.303030303030303,0.21951219512195122,0.024390243902439025,169,11.636363636363637,8.06061019955654,-0.20434860468318725,5,NA,NA,FALSE,FALSE,FALSE
2015-01-01,2015,year,58,112,17.10344827586207,16.5,16.145833333333332,16.422187374401155,13.635813672111313,15.388542452565835,6.930172413793104,6.225,6.385416666666667,6.454177624347516,6.6404977375565615,6.285441181646912,4.5,5,4.6875,0.13793103448275862,0.05172413793103448,210,11.297152713546485,8.707192415169663,0.26858955758120323,5,NA,NA,FALSE,FALSE,FALSE
2016-01-01,2016,year,89,112,17.46067415730337,16,15.945205479452053,20.59997240465527,19.121951219512198,19.895756723094713,6.966292134831461,5.35,5.934246575342466,7.727057196914322,7.204878048780488,7.537568579177031,4.48314606741573,5,4.726027397260274,0.15730337078651685,0.056179775280898875,268,11.888910982965466,8.720580811297244,0.8294218462119576,5,NA,NA,FALSE,FALSE,FALSE
2017-01-01,2017,year,93,112,20.32258064516129,14,17.14666666666666,20.94011657108014,18.2,19.762146599933157,7.786021505376344,5.6499999999999995,6.673333333333333,7.639397684854448,7.207407407407407,7.482573336883494,4.720430107526882,5,4.906666666666666,0.06451612903225806,0.021505376344086023,357,13.250704225352113,10.391866839925,0.4762662812068526,5,NA,NA,FALSE,FALSE,FALSE
2018-01-01,2018,year,76,112,24.61842105263158,19,20.59677419354839,19.924819520148557,17.900486914181375,19.156220970158778,10.488815789473684,7.574999999999999,7.959677419354839,7.9087987765960435,7.55782945736434,7.66256694052733,4.684210526315789,5,4.919354838709677,0.09210526315789473,0.02631578947368421,450,14.393806451612903,10.451029473684212,0.33553445346205607,5,NA,NA,FALSE,FALSE,FALSE
2019-01-01,2019,year,60,112,19.899999999999995,16,18.479166666666664,21.90082552322874,19.92094861660079,20.89820362558236,7.864166666666667,6.45,7.108333333333333,7.965533892871092,7.603076923076922,7.758499746464637,4.65,5,4.916666666666667,0.08333333333333333,0.016666666666666666,526,14.79010779961953,10.5079275,0.48828285282528444,5,NA,NA,FALSE,FALSE,FALSE
2020-01-01,2020,year,14,112,17.357142857142858,13.5,16.666666666666668,29.06268388010959,24.88888888888889,24.482954059805795,6.821428571428572,5.575,6.525,10.424986103710255,7.0680555555555555,9.435752708756972,4.928571428571429,5,5,0,0,586,15.24801412180053,10.603534263018537,0.9092133366053617,5,NA,NA,FALSE,FALSE,FALSE
2021-01-01,2021,year,10,112,22.8,20.5,22.125,20.888279808777646,19.498327985137646,19.577016427638725,8.27,7.699999999999999,7.9625,7.410585628245209,7.286338426711941,7.5628153686398445,4.8,5,5,0.1,0,600,15.522632281013784,10.595278504672898,0.3752327701787581,5,NA,NA,FALSE,FALSE,FALSE
2022-01-01,2022,year,25,112,18.44,17,18.19047619047619,15.991136017248188,14.06896551724138,14.68584870825947,7.984,7.7,7.895238095238096,6.515973520155575,6.8687499999999995,6.509880104901175,4.52,5,4.809523809523809,0.12,0.04,610,15.67360261117911,10.70854721440046,-0.14984638549100968,5,NA,NA,FALSE,FALSE,FALSE
2023-01-01,2023,year,20,112,29.45,24.5,25.9375,29.71989890735703,24.7816091954023,27.77229453875724,11.4975,7.75,9.196875,10.9662400758718,9.360195958358847,10.605204229645754,4.95,5,5,0,0,635,15.627906976744185,10.62809697468615,0.8612738706148685,5,NA,NA,FALSE,FALSE,FALSE
2024-01-01,2024,year,17,112,23.058823529411764,21,22.4,15.154772493054415,16.333333333333336,15.236528046872863,10.008823529411766,9.65,9.733333333333333,6.432947476558659,6.72,6.4778253219179955,4.470588235294118,5,4.666666666666667,0.11764705882352941,0.11764705882352941,655,16.14883720930233,10.651733953488371,0.017320759684444218,5,NA,NA,FALSE,FALSE,FALSE
2025-01-01,2025,year,18,112,20.666666666666664,18.5,19.0625,26.707995588794862,28.307283006318592,26.98399503739422,8.713888888888889,6.449999999999999,7.5375,10.672628732013605,11.715257731958761,10.382464049972704,4.944444444444445,5,5,0,0,672,16.154020594700917,10.522588907947398,1.15496885015043,5,NA,NA,FALSE,FALSE,FALSE
2026-01-01,2026,year,72,112,20.111111111111107,15,18.724137931034488,30.046192316931194,27.36381486676017,28.528703005360793,8.51736111111111,6.175,7.885344827586207,11.694278617618268,11.02216216216216,11.558455041873051,5,5,5,0,0,690,16.316420712311622,10.74978054872841,1.027685551753458,5,NA,NA,FALSE,FALSE,FALSE
